customer_id,name,email,phone,visits_last_window
C040,Ximena Huaman,ximena.huaman39@mail.com,972633353,13
C016,Rosa Huaman,rosa.huaman15@mail.com,955234657,12
C041,Ana Diaz,ana.diaz40@mail.com,936173582,8
C003,Carla Quispe,carla.quispe2@mail.com,904143988,8
C004,Diego Lopez,diego.lopez3@mail.com,982445525,8
C005,Maria Nunez,maria.nunez4@mail.com,919945005,8
C026,Pablo Garcia,pablo.garcia25@mail.com,983747143,8
C032,Sergio Huaman,sergio.huaman31@mail.com,982437483,8
C024,Daniel Huaman,daniel.huaman23@mail.com,958966085,6
C046,Jorge Benavides,jorge.benavides45@mail.com,924201470,6
C017,Mario Diaz,mario.diaz16@mail.com,991818039,6
C029,Nora Nunez,nora.nunez28@mail.com,968928229,6
C036,Patricia Lopez,patricia.lopez35@mail.com,959826143,6
C049,Bruno Diaz,bruno.diaz48@mail.com,910449573,5
C018,Camila Garcia,camila.garcia17@mail.com,982777828,5
C006,Jorge Benavides,jorge.benavides5@mail.com,907470344,5
C002,Luis Garcia,luis.garcia1@mail.com,963183385,5
C013,Valeria Nunez,valeria.nunez12@mail.com,968717337,5
C025,Carolina Diaz,carolina.diaz24@mail.com,910455152,4
C030,Felipe Benavides,felipe.benavides29@mail.com,985746193,4
C019,Hugo Quispe,hugo.quispe18@mail.com,987704420,4
C014,Andres Benavides,andres.benavides13@mail.com,953590998,3
C020,Ivan Lopez,ivan.lopez19@mail.com,975530418,3
C045,Maria Nunez,maria.nunez44@mail.com,912704723,3
C033,Marta Diaz,marta.diaz32@mail.com,950157161,3
C039,Alonso Mendoza,alonso.mendoza38@mail.com,905766944,2
C034,Fabian Garcia,fabian.garcia33@mail.com,986321414,2
C042,Luis Garcia,luis.garcia41@mail.com,997712366,2
C035,Alvaro Quispe,alvaro.quispe34@mail.com,957522446,1
C044,Diego Lopez,diego.lopez43@mail.com,932707167,1
C038,Julieta Benavides,julieta.benavides37@mail.com,946350099,1
C023,Pamela Mendoza,pamela.mendoza22@mail.com,908038445,1
C011,Raul Quispe,raul.quispe10@mail.com,918338492,1
C015,Renata Mendoza,renata.mendoza14@mail.com,960592839,1
C047,Sofia Mendoza,sofia.mendoza46@mail.com,914948468,1
C001,Ana Diaz,ana.diaz0@mail.com,990507590,0
C009,Bruno Diaz,bruno.diaz8@mail.com,930845502,0
C043,Carla Quispe,carla.quispe42@mail.com,936675356,0
C010,Elena Garcia,elena.garcia9@mail.com,961446718,0
C050,Elena Garcia,elena.garcia49@mail.com,981055775,0
C028,German Lopez,german.lopez27@mail.com,989241678,0
C022,Gonzalo Benavides,gonzalo.benavides21@mail.com,907830616,0
C031,Isabel Mendoza,isabel.mendoza30@mail.com,922368587,0
C012,Lucia Lopez,lucia.lopez11@mail.com,940796738,0
C037,Marcos Nunez,marcos.nunez36@mail.com,933856641,0
C027,Noelia Quispe,noelia.quispe26@mail.com,916437523,0
C048,Pedro Huaman,pedro.huaman47@mail.com,949008489,0
C008,Pedro Huaman,pedro.huaman7@mail.com,979623421,0
C007,Sofia Mendoza,sofia.mendoza6@mail.com,917099826,0
C021,Teresa Nunez,teresa.nunez20@mail.com,900174931,0
