customer_id,name,email,phone,visits_last_window
C016,Rosa Huaman,rosa.huaman15@mail.com,955234657,33
C041,Ana Diaz,ana.diaz40@mail.com,936173582,30
C040,Ximena Huaman,ximena.huaman39@mail.com,972633353,29
C032,Sergio Huaman,sergio.huaman31@mail.com,982437483,25
C018,Camila Garcia,camila.garcia17@mail.com,982777828,24
C026,Pablo Garcia,pablo.garcia25@mail.com,983747143,24
C017,Mario Diaz,mario.diaz16@mail.com,991818039,23
C029,Nora Nunez,nora.nunez28@mail.com,968928229,21
C003,Carla Quispe,carla.quispe2@mail.com,904143988,20
C004,Diego Lopez,diego.lopez3@mail.com,982445525,18
C038,Julieta Benavides,julieta.benavides37@mail.com,946350099,18
C024,Daniel Huaman,daniel.huaman23@mail.com,958966085,16
C005,Maria Nunez,maria.nunez4@mail.com,919945005,16
C039,Alonso Mendoza,alonso.mendoza38@mail.com,905766944,14
C034,Fabian Garcia,fabian.garcia33@mail.com,986321414,14
C046,Jorge Benavides,jorge.benavides45@mail.com,924201470,14
C002,Luis Garcia,luis.garcia1@mail.com,963183385,14
C048,Pedro Huaman,pedro.huaman47@mail.com,949008489,13
C008,Pedro Huaman,pedro.huaman7@mail.com,979623421,13
C020,Ivan Lopez,ivan.lopez19@mail.com,975530418,12
C042,Luis Garcia,luis.garcia41@mail.com,997712366,12
C019,Hugo Quispe,hugo.quispe18@mail.com,987704420,11
C036,Patricia Lopez,patricia.lopez35@mail.com,959826143,11
C045,Maria Nunez,maria.nunez44@mail.com,912704723,10
C014,Andres Benavides,andres.benavides13@mail.com,953590998,9
C044,Diego Lopez,diego.lopez43@mail.com,932707167,8
C025,Carolina Diaz,carolina.diaz24@mail.com,910455152,7
C006,Jorge Benavides,jorge.benavides5@mail.com,907470344,7
C033,Marta Diaz,marta.diaz32@mail.com,950157161,7
C049,Bruno Diaz,bruno.diaz48@mail.com,910449573,6
C023,Pamela Mendoza,pamela.mendoza22@mail.com,908038445,6
C021,Teresa Nunez,teresa.nunez20@mail.com,900174931,6
C035,Alvaro Quispe,alvaro.quispe34@mail.com,957522446,5
C030,Felipe Benavides,felipe.benavides29@mail.com,985746193,5
C013,Valeria Nunez,valeria.nunez12@mail.com,968717337,5
C009,Bruno Diaz,bruno.diaz8@mail.com,930845502,4
C028,German Lopez,german.lopez27@mail.com,989241678,4
C010,Elena Garcia,elena.garcia9@mail.com,961446718,3
C047,Sofia Mendoza,sofia.mendoza46@mail.com,914948468,3
C001,Ana Diaz,ana.diaz0@mail.com,990507590,2
C050,Elena Garcia,elena.garcia49@mail.com,981055775,2
C022,Gonzalo Benavides,gonzalo.benavides21@mail.com,907830616,2
C012,Lucia Lopez,lucia.lopez11@mail.com,940796738,2
C027,Noelia Quispe,noelia.quispe26@mail.com,916437523,2
C043,Carla Quispe,carla.quispe42@mail.com,936675356,1
C037,Marcos Nunez,marcos.nunez36@mail.com,933856641,1
C011,Raul Quispe,raul.quispe10@mail.com,918338492,1
C015,Renata Mendoza,renata.mendoza14@mail.com,960592839,1
C031,Isabel Mendoza,isabel.mendoza30@mail.com,922368587,0
C007,Sofia Mendoza,sofia.mendoza6@mail.com,917099826,0
