reservation_id,customer_id,name,email,phone,datetime,party_size
R00063,C007,Sofía Chávez,sofia.chavez6@mail.com,947839364,2025-05-01T13:30,2
R00001,C001,Ana Díaz,ana.diaz0@mail.com,956151075,2025-05-03T19:00,2
R00002,C001,Ana Díaz,ana.diaz0@mail.com,956151075,2025-05-04T22:00,2
R00003,C001,Ana Díaz,ana.diaz0@mail.com,956151075,2025-05-05T19:00,2
R00173,C023,Pamela Paredes,pamela.paredes22@mail.com,937184609,2025-05-05T19:30,2
R00163,C021,Teresa Núñez,teresa.nunez20@mail.com,973901434,2025-05-08T22:00,5
R00327,C038,Julieta Ramos,julieta.ramos37@mail.com,935291928,2025-05-08T22:30,6
R00229,C028,Germán Vega,german.vega27@mail.com,907868588,2025-05-09T20:45,2
R00230,C028,Germán Vega,german.vega27@mail.com,907868588,2025-05-10T14:00,6
R00004,C001,Ana Díaz,ana.diaz0@mail.com,956151075,2025-05-10T14:45,2
R00174,C023,Pamela Paredes,pamela.paredes22@mail.com,937184609,2025-05-10T19:30,5
R00272,C034,Fabián Aguilar,fabian.aguilar33@mail.com,944336423,2025-05-11T13:30,4
R00072,C009,Bruno León,bruno.leon8@mail.com,921457963,2025-05-11T14:00,2
R00313,C037,Marcos Baca,marcos.baca36@mail.com,944303347,2025-05-11T19:30,3
R00329,C039,Alonso Vásquez,alonso.vasquez38@mail.com,902917886,2025-05-11T20:15,2
R00273,C034,Fabián Aguilar,fabian.aguilar33@mail.com,944336423,2025-05-12T13:00,2
R00073,C009,Bruno León,bruno.leon8@mail.com,921457963,2025-05-12T21:15,3
R00292,C036,Patricia Benavides,patricia.benavides35@mail.com,970816279,2025-05-13T19:00,4
R00097,C012,Lucía Ibáñez,lucia.ibanez11@mail.com,974896533,2025-05-13T20:00,3
R00150,C018,Camila Ramírez,camila.ramirez17@mail.com,959325566,2025-05-13T22:15,2
R00074,C009,Bruno León,bruno.leon8@mail.com,921457963,2025-05-14T13:00,2
R00231,C028,Germán Vega,german.vega27@mail.com,907868588,2025-05-14T13:45,2
R00293,C036,Patricia Benavides,patricia.benavides35@mail.com,970816279,2025-05-15T13:30,2
R00330,C039,Alonso Vásquez,alonso.vasquez38@mail.com,902917886,2025-05-15T21:45,3
R00269,C033,Marta Sánchez,marta.sanchez32@mail.com,952589982,2025-05-16T13:45,6
R00249,C030,Felipe Rey,felipe.rey29@mail.com,916106547,2025-05-17T19:30,6
R00075,C009,Bruno León,bruno.leon8@mail.com,921457963,2025-05-17T19:45,3
R00250,C030,Felipe Rey,felipe.rey29@mail.com,916106547,2025-05-17T19:45,6
R00121,C014,Andrés Sandoval,andres.sandoval13@mail.com,955960236,2025-05-17T22:30,2
R00331,C039,Alonso Vásquez,alonso.vasquez38@mail.com,902917886,2025-05-19T13:30,5
R00270,C033,Marta Sánchez,marta.sanchez32@mail.com,952589982,2025-05-19T14:30,2
R00332,C039,Alonso Vásquez,alonso.vasquez38@mail.com,902917886,2025-05-20T22:30,2
R00314,C037,Marcos Baca,marcos.baca36@mail.com,944303347,2025-05-21T19:00,2
R00018,C003,Carla Pérez,carla.perez2@mail.com,917034346,2025-05-21T20:45,2
R00196,C026,Pablo Huamán,pablo.huaman25@mail.com,907717191,2025-05-21T21:45,2
R00232,C028,Germán Vega,german.vega27@mail.com,907868588,2025-05-21T22:15,2
R00197,C026,Pablo Huamán,pablo.huaman25@mail.com,907717191,2025-05-22T13:30,3
R00251,C030,Felipe Rey,felipe.rey29@mail.com,916106547,2025-05-22T20:00,6
R00294,C036,Patricia Benavides,patricia.benavides35@mail.com,970816279,2025-05-23T14:15,2
R00198,C026,Pablo Huamán,pablo.huaman25@mail.com,907717191,2025-05-24T13:00,3
R00295,C036,Patricia Benavides,patricia.benavides35@mail.com,970816279,2025-05-24T20:30,2
R00315,C037,Marcos Baca,marcos.baca36@mail.com,944303347,2025-05-25T13:45,4
R00145,C017,Mario Torres,mario.torres16@mail.com,936972608,2025-05-26T13:30,6
R00158,C020,Iván Gonzales,ivan.gonzales19@mail.com,979741638,2025-05-26T19:45,2
R00233,C028,Germán Vega,german.vega27@mail.com,907868588,2025-05-26T21:00,6
R00333,C039,Alonso Vásquez,alonso.vasquez38@mail.com,902917886,2025-05-26T21:45,4
R00252,C030,Felipe Rey,felipe.rey29@mail.com,916106547,2025-05-26T22:30,4
R00005,C001,Ana Díaz,ana.diaz0@mail.com,956151075,2025-05-27T14:00,4
R00316,C037,Marcos Baca,marcos.baca36@mail.com,944303347,2025-05-27T19:00,5
R00334,C039,Alonso Vásquez,alonso.vasquez38@mail.com,902917886,2025-05-27T19:45,3
R00146,C017,Mario Torres,mario.torres16@mail.com,936972608,2025-05-27T20:15,2
R00159,C020,Iván Gonzales,ivan.gonzales19@mail.com,979741638,2025-05-27T21:00,2
R00031,C004,Diego Castro,diego.castro3@mail.com,905139490,2025-05-27T21:30,2
R00253,C030,Felipe Rey,felipe.rey29@mail.com,916106547,2025-05-27T22:00,5
R00076,C009,Bruno León,bruno.leon8@mail.com,921457963,2025-05-28T20:00,2
R00199,C026,Pablo Huamán,pablo.huaman25@mail.com,907717191,2025-05-28T22:15,5
R00032,C004,Diego Castro,diego.castro3@mail.com,905139490,2025-05-28T22:30,3
R00209,C027,Noelia Villar,noelia.villar26@mail.com,980257358,2025-05-29T19:30,5
R00152,C019,Hugo Campos,hugo.campos18@mail.com,977124814,2025-05-29T20:15,3
R00033,C004,Diego Castro,diego.castro3@mail.com,905139490,2025-05-30T13:15,5
R00296,C036,Patricia Benavides,patricia.benavides35@mail.com,970816279,2025-05-30T14:45,2
R00317,C037,Marcos Baca,marcos.baca36@mail.com,944303347,2025-05-30T22:45,2
R00117,C013,Valeria Reátegui,valeria.reategui12@mail.com,944194161,2025-05-31T14:00,4
R00118,C013,Valeria Reátegui,valeria.reategui12@mail.com,944194161,2025-06-01T20:15,5
R00335,C039,Alonso Vásquez,alonso.vasquez38@mail.com,902917886,2025-06-01T21:00,6
R00200,C026,Pablo Huamán,pablo.huaman25@mail.com,907717191,2025-06-01T22:15,5
R00135,C016,Rosa García,rosa.garcia15@mail.com,917746529,2025-06-01T22:30,5
R00318,C037,Marcos Baca,marcos.baca36@mail.com,944303347,2025-06-02T13:45,2
R00160,C020,Iván Gonzales,ivan.gonzales19@mail.com,979741638,2025-06-03T19:15,3
R00210,C027,Noelia Villar,noelia.villar26@mail.com,980257358,2025-06-03T21:00,2
R00019,C003,Carla Pérez,carla.perez2@mail.com,917034346,2025-06-03T22:30,3
R00077,C009,Bruno León,bruno.leon8@mail.com,921457963,2025-06-03T22:45,6
R00161,C020,Iván Gonzales,ivan.gonzales19@mail.com,979741638,2025-06-04T14:00,2
R00297,C036,Patricia Benavides,patricia.benavides35@mail.com,970816279,2025-06-04T14:15,2
R00254,C030,Felipe Rey,felipe.rey29@mail.com,916106547,2025-06-04T14:30,6
R00341,C040,Ximena Palacios,ximena.palacios39@mail.com,994554327,2025-06-04T20:00,6
R00006,C001,Ana Díaz,ana.diaz0@mail.com,956151075,2025-06-05T14:15,2
R00274,C034,Fabián Aguilar,fabian.aguilar33@mail.com,944336423,2025-06-05T21:45,3
R00086,C010,Elena Cornejo,elena.cornejo9@mail.com,920160812,2025-06-05T22:00,2
R00211,C027,Noelia Villar,noelia.villar26@mail.com,980257358,2025-06-06T20:30,6
R00078,C009,Bruno León,bruno.leon8@mail.com,921457963,2025-06-06T20:45,2
R00298,C036,Patricia Benavides,patricia.benavides35@mail.com,970816279,2025-06-08T14:00,4
R00299,C036,Patricia Benavides,patricia.benavides35@mail.com,970816279,2025-06-09T13:00,2
R00020,C003,Carla Pérez,carla.perez2@mail.com,917034346,2025-06-09T14:00,5
R00268,C032,Sergio Guevara,sergio.guevara31@mail.com,903961258,2025-06-09T14:15,2
R00162,C020,Iván Gonzales,ivan.gonzales19@mail.com,979741638,2025-06-09T19:15,4
R00212,C027,Noelia Villar,noelia.villar26@mail.com,980257358,2025-06-09T20:45,3
R00263,C031,Isabel Quispe,isabel.quispe30@mail.com,980100408,2025-06-09T22:15,4
R00213,C027,Noelia Villar,noelia.villar26@mail.com,980257358,2025-06-10T21:45,2
R00021,C003,Carla Pérez,carla.perez2@mail.com,917034346,2025-06-11T13:30,2
R00034,C004,Diego Castro,diego.castro3@mail.com,905139490,2025-06-11T14:00,3
R00336,C039,Alonso Vásquez,alonso.vasquez38@mail.com,902917886,2025-06-12T19:00,3
R00022,C003,Carla Pérez,carla.perez2@mail.com,917034346,2025-06-13T13:00,6
R00007,C001,Ana Díaz,ana.diaz0@mail.com,956151075,2025-06-14T19:15,2
R00342,C040,Ximena Palacios,ximena.palacios39@mail.com,994554327,2025-06-14T22:15,3
R00052,C006,Jorge Lopez,jorge.lopez5@mail.com,902607356,2025-06-15T14:00,5
R00214,C027,Noelia Villar,noelia.villar26@mail.com,980257358,2025-06-15T19:45,3
R00264,C031,Isabel Quispe,isabel.quispe30@mail.com,980100408,2025-06-15T20:30,2
R00265,C031,Isabel Quispe,isabel.quispe30@mail.com,980100408,2025-06-16T19:00,3
R00319,C037,Marcos Baca,marcos.baca36@mail.com,944303347,2025-06-17T19:45,2
R00064,C007,Sofía Chávez,sofia.chavez6@mail.com,947839364,2025-06-17T20:15,2
R00201,C026,Pablo Huamán,pablo.huaman25@mail.com,907717191,2025-06-17T20:45,5
R00035,C004,Diego Castro,diego.castro3@mail.com,905139490,2025-06-17T21:15,3
R00008,C001,Ana Díaz,ana.diaz0@mail.com,956151075,2025-06-18T20:00,2
R00023,C003,Carla Pérez,carla.perez2@mail.com,917034346,2025-06-18T20:30,2
R00255,C030,Felipe Rey,felipe.rey29@mail.com,916106547,2025-06-18T20:45,3
R00036,C004,Diego Castro,diego.castro3@mail.com,905139490,2025-06-19T22:30,2
R00195,C025,Carolina Caballero,carolina.caballero24@mail.com,946654915,2025-06-20T21:45,2
R00136,C016,Rosa García,rosa.garcia15@mail.com,917746529,2025-06-21T13:00,2
R00137,C016,Rosa García,rosa.garcia15@mail.com,917746529,2025-06-21T19:45,5
R00087,C010,Elena Cornejo,elena.cornejo9@mail.com,920160812,2025-06-21T22:30,2
R00079,C009,Bruno León,bruno.leon8@mail.com,921457963,2025-06-22T19:45,2
R00053,C006,Jorge Lopez,jorge.lopez5@mail.com,902607356,2025-06-22T21:00,2
R00343,C040,Ximena Palacios,ximena.palacios39@mail.com,994554327,2025-06-23T21:30,5
R00065,C007,Sofía Chávez,sofia.chavez6@mail.com,947839364,2025-06-24T12:30,2
R00037,C004,Diego Castro,diego.castro3@mail.com,905139490,2025-06-24T19:00,5
R00088,C010,Elena Cornejo,elena.cornejo9@mail.com,920160812,2025-06-25T14:45,2
R00089,C010,Elena Cornejo,elena.cornejo9@mail.com,920160812,2025-06-25T20:00,4
R00054,C006,Jorge Lopez,jorge.lopez5@mail.com,902607356,2025-06-25T22:45,4
R00055,C006,Jorge Lopez,jorge.lopez5@mail.com,902607356,2025-06-26T20:30,5
R00080,C009,Bruno León,bruno.leon8@mail.com,921457963,2025-06-27T13:45,2
R00056,C006,Jorge Lopez,jorge.lopez5@mail.com,902607356,2025-06-27T19:15,3
R00081,C009,Bruno León,bruno.leon8@mail.com,921457963,2025-06-27T19:30,5
R00098,C012,Lucía Ibáñez,lucia.ibanez11@mail.com,974896533,2025-06-27T19:30,6
R00024,C003,Carla Pérez,carla.perez2@mail.com,917034346,2025-06-28T14:00,4
R00090,C010,Elena Cornejo,elena.cornejo9@mail.com,920160812,2025-06-28T20:45,2
R00153,C019,Hugo Campos,hugo.campos18@mail.com,977124814,2025-06-28T21:15,6
R00175,C023,Pamela Paredes,pamela.paredes22@mail.com,937184609,2025-06-28T22:15,2
R00154,C019,Hugo Campos,hugo.campos18@mail.com,977124814,2025-06-29T13:00,3
R00099,C012,Lucía Ibáñez,lucia.ibanez11@mail.com,974896533,2025-06-29T21:30,2
R00266,C031,Isabel Quispe,isabel.quispe30@mail.com,980100408,2025-06-30T12:00,4
R00164,C021,Teresa Núñez,teresa.nunez20@mail.com,973901434,2025-06-30T14:45,5
R00038,C004,Diego Castro,diego.castro3@mail.com,905139490,2025-06-30T22:00,2
R00041,C005,María Zevallos,maria.zevallos4@mail.com,957833470,2025-07-01T19:00,2
R00256,C030,Felipe Rey,felipe.rey29@mail.com,916106547,2025-07-01T19:30,2
R00082,C009,Bruno León,bruno.leon8@mail.com,921457963,2025-07-01T22:00,2
R00091,C010,Elena Cornejo,elena.cornejo9@mail.com,920160812,2025-07-02T19:00,2
R00042,C005,María Zevallos,maria.zevallos4@mail.com,957833470,2025-07-03T13:15,2
R00202,C026,Pablo Huamán,pablo.huaman25@mail.com,907717191,2025-07-04T13:45,2
R00234,C028,Germán Vega,german.vega27@mail.com,907868588,2025-07-04T14:30,2
R00039,C004,Diego Castro,diego.castro3@mail.com,905139490,2025-07-04T19:45,3
R00176,C023,Pamela Paredes,pamela.paredes22@mail.com,937184609,2025-07-05T20:30,4
R00057,C006,Jorge Lopez,jorge.lopez5@mail.com,902607356,2025-07-05T20:45,5
R00092,C010,Elena Cornejo,elena.cornejo9@mail.com,920160812,2025-07-05T21:00,2
R00058,C006,Jorge Lopez,jorge.lopez5@mail.com,902607356,2025-07-05T21:00,6
R00165,C021,Teresa Núñez,teresa.nunez20@mail.com,973901434,2025-07-07T13:15,2
R00134,C015,Renata Rojas,renata.rojas14@mail.com,996414943,2025-07-08T13:30,2
R00166,C021,Teresa Núñez,teresa.nunez20@mail.com,973901434,2025-07-08T14:00,3
R00155,C019,Hugo Campos,hugo.campos18@mail.com,977124814,2025-07-08T21:45,5
R00177,C023,Pamela Paredes,pamela.paredes22@mail.com,937184609,2025-07-09T13:45,4
R00300,C036,Patricia Benavides,patricia.benavides35@mail.com,970816279,2025-07-09T13:45,2
R00043,C005,María Zevallos,maria.zevallos4@mail.com,957833470,2025-07-10T20:45,5
R00178,C023,Pamela Paredes,pamela.paredes22@mail.com,937184609,2025-07-10T22:15,2
R00044,C005,María Zevallos,maria.zevallos4@mail.com,957833470,2025-07-11T13:30,2
R00122,C014,Andrés Sandoval,andres.sandoval13@mail.com,955960236,2025-07-11T13:45,2
R00179,C023,Pamela Paredes,pamela.paredes22@mail.com,937184609,2025-07-11T14:30,2
R00100,C012,Lucía Ibáñez,lucia.ibanez11@mail.com,974896533,2025-07-12T20:30,2
R00181,C023,Pamela Paredes,pamela.paredes22@mail.com,937184609,2025-07-12T21:15,2
R00180,C023,Pamela Paredes,pamela.paredes22@mail.com,937184609,2025-07-12T21:15,2
R00271,C033,Marta Sánchez,marta.sanchez32@mail.com,952589982,2025-07-13T13:30,2
R00138,C016,Rosa García,rosa.garcia15@mail.com,917746529,2025-07-13T14:15,2
R00156,C019,Hugo Campos,hugo.campos18@mail.com,977124814,2025-07-13T22:00,3
R00182,C023,Pamela Paredes,pamela.paredes22@mail.com,937184609,2025-07-14T22:15,2
R00167,C021,Teresa Núñez,teresa.nunez20@mail.com,973901434,2025-07-14T22:45,2
R00066,C007,Sofía Chávez,sofia.chavez6@mail.com,947839364,2025-07-15T19:15,5
R00059,C006,Jorge Lopez,jorge.lopez5@mail.com,902607356,2025-07-15T20:00,2
R00009,C001,Ana Díaz,ana.diaz0@mail.com,956151075,2025-07-15T22:45,2
R00183,C023,Pamela Paredes,pamela.paredes22@mail.com,937184609,2025-07-16T14:30,2
R00203,C026,Pablo Huamán,pablo.huaman25@mail.com,907717191,2025-07-16T21:00,4
R00010,C001,Ana Díaz,ana.diaz0@mail.com,956151075,2025-07-16T21:30,2
R00184,C023,Pamela Paredes,pamela.paredes22@mail.com,937184609,2025-07-18T14:45,5
R00185,C023,Pamela Paredes,pamela.paredes22@mail.com,937184609,2025-07-18T21:15,2
R00067,C007,Sofía Chávez,sofia.chavez6@mail.com,947839364,2025-07-20T22:45,3
R00101,C012,Lucía Ibáñez,lucia.ibanez11@mail.com,974896533,2025-07-21T21:15,2
R00235,C028,Germán Vega,german.vega27@mail.com,907868588,2025-07-22T19:00,2
R00011,C001,Ana Díaz,ana.diaz0@mail.com,956151075,2025-07-22T19:45,2
R00060,C006,Jorge Lopez,jorge.lopez5@mail.com,902607356,2025-07-22T22:45,2
R00045,C005,María Zevallos,maria.zevallos4@mail.com,957833470,2025-07-23T12:30,2
R00236,C028,Germán Vega,german.vega27@mail.com,907868588,2025-07-23T13:00,3
R00012,C001,Ana Díaz,ana.diaz0@mail.com,956151075,2025-07-23T13:30,2
R00139,C016,Rosa García,rosa.garcia15@mail.com,917746529,2025-07-23T20:30,2
R00102,C012,Lucía Ibáñez,lucia.ibanez11@mail.com,974896533,2025-07-24T19:30,2
R00103,C012,Lucía Ibáñez,lucia.ibanez11@mail.com,974896533,2025-07-25T19:00,4
R00337,C039,Alonso Vásquez,alonso.vasquez38@mail.com,902917886,2025-07-25T20:00,2
R00168,C021,Teresa Núñez,teresa.nunez20@mail.com,973901434,2025-07-25T22:15,2
R00301,C036,Patricia Benavides,patricia.benavides35@mail.com,970816279,2025-07-26T20:15,2
R00013,C001,Ana Díaz,ana.diaz0@mail.com,956151075,2025-07-27T13:30,2
R00096,C011,Raúl Mendoza,raul.mendoza10@mail.com,915631896,2025-07-27T14:15,2
R00275,C034,Fabián Aguilar,fabian.aguilar33@mail.com,944336423,2025-07-27T20:00,6
R00169,C021,Teresa Núñez,teresa.nunez20@mail.com,973901434,2025-07-28T13:00,2
R00061,C006,Jorge Lopez,jorge.lopez5@mail.com,902607356,2025-07-28T20:45,2
R00276,C034,Fabián Aguilar,fabian.aguilar33@mail.com,944336423,2025-07-29T20:00,2
R00257,C030,Felipe Rey,felipe.rey29@mail.com,916106547,2025-07-29T20:30,4
R00104,C012,Lucía Ibáñez,lucia.ibanez11@mail.com,974896533,2025-07-29T22:15,2
R00186,C023,Pamela Paredes,pamela.paredes22@mail.com,937184609,2025-07-29T22:30,2
R00267,C031,Isabel Quispe,isabel.quispe30@mail.com,980100408,2025-07-30T22:15,4
R00215,C027,Noelia Villar,noelia.villar26@mail.com,980257358,2025-07-31T13:30,3
R00277,C034,Fabián Aguilar,fabian.aguilar33@mail.com,944336423,2025-07-31T22:15,2
R00017,C002,Luis Salazar,luis.salazar1@mail.com,964574932,2025-08-01T13:30,4
R00069,C008,Pedro Valdez,pedro.valdez7@mail.com,922739414,2025-08-01T13:30,3
R00025,C003,Carla Pérez,carla.perez2@mail.com,917034346,2025-08-01T19:00,5
R00170,C021,Teresa Núñez,teresa.nunez20@mail.com,973901434,2025-08-01T21:00,6
R00258,C030,Felipe Rey,felipe.rey29@mail.com,916106547,2025-08-02T20:45,2
R00083,C009,Bruno León,bruno.leon8@mail.com,921457963,2025-08-03T14:45,4
R00119,C013,Valeria Reátegui,valeria.reategui12@mail.com,944194161,2025-08-03T19:00,6
R00302,C036,Patricia Benavides,patricia.benavides35@mail.com,970816279,2025-08-03T21:00,2
R00105,C012,Lucía Ibáñez,lucia.ibanez11@mail.com,974896533,2025-08-03T21:45,5
R00291,C035,Álvaro Bravo,alvaro.bravo34@mail.com,917963214,2025-08-04T13:30,3
R00303,C036,Patricia Benavides,patricia.benavides35@mail.com,970816279,2025-08-04T13:30,2
R00070,C008,Pedro Valdez,pedro.valdez7@mail.com,922739414,2025-08-04T14:15,2
R00071,C008,Pedro Valdez,pedro.valdez7@mail.com,922739414,2025-08-05T13:30,2
R00304,C036,Patricia Benavides,patricia.benavides35@mail.com,970816279,2025-08-05T20:00,4
R00187,C023,Pamela Paredes,pamela.paredes22@mail.com,937184609,2025-08-05T21:30,5
R00216,C027,Noelia Villar,noelia.villar26@mail.com,980257358,2025-08-06T13:45,5
R00014,C001,Ana Díaz,ana.diaz0@mail.com,956151075,2025-08-07T22:30,2
R00123,C014,Andrés Sandoval,andres.sandoval13@mail.com,955960236,2025-08-08T13:00,3
R00147,C017,Mario Torres,mario.torres16@mail.com,936972608,2025-08-08T14:00,5
R00148,C017,Mario Torres,mario.torres16@mail.com,936972608,2025-08-08T19:00,2
R00305,C036,Patricia Benavides,patricia.benavides35@mail.com,970816279,2025-08-09T13:15,6
R00306,C036,Patricia Benavides,patricia.benavides35@mail.com,970816279,2025-08-10T20:00,2
R00320,C037,Marcos Baca,marcos.baca36@mail.com,944303347,2025-08-10T22:15,3
R00204,C026,Pablo Huamán,pablo.huaman25@mail.com,907717191,2025-08-10T22:15,2
R00217,C027,Noelia Villar,noelia.villar26@mail.com,980257358,2025-08-11T14:45,2
R00171,C021,Teresa Núñez,teresa.nunez20@mail.com,973901434,2025-08-11T22:00,6
R00149,C017,Mario Torres,mario.torres16@mail.com,936972608,2025-08-13T14:45,3
R00321,C037,Marcos Baca,marcos.baca36@mail.com,944303347,2025-08-14T14:15,3
R00307,C036,Patricia Benavides,patricia.benavides35@mail.com,970816279,2025-08-15T14:15,2
R00015,C001,Ana Díaz,ana.diaz0@mail.com,956151075,2025-08-16T19:45,3
R00084,C009,Bruno León,bruno.leon8@mail.com,921457963,2025-08-17T13:30,2
R00046,C005,María Zevallos,maria.zevallos4@mail.com,957833470,2025-08-17T21:15,2
R00322,C037,Marcos Baca,marcos.baca36@mail.com,944303347,2025-08-19T19:45,6
R00218,C027,Noelia Villar,noelia.villar26@mail.com,980257358,2025-08-21T14:45,2
R00278,C034,Fabián Aguilar,fabian.aguilar33@mail.com,944336423,2025-08-21T22:00,3
R00068,C007,Sofía Chávez,sofia.chavez6@mail.com,947839364,2025-08-22T14:15,2
R00220,C027,Noelia Villar,noelia.villar26@mail.com,980257358,2025-08-22T14:30,2
R00219,C027,Noelia Villar,noelia.villar26@mail.com,980257358,2025-08-22T14:30,5
R00338,C039,Alonso Vásquez,alonso.vasquez38@mail.com,902917886,2025-08-23T20:00,5
R00140,C016,Rosa García,rosa.garcia15@mail.com,917746529,2025-08-24T14:45,2
R00141,C016,Rosa García,rosa.garcia15@mail.com,917746529,2025-08-24T21:30,2
R00279,C034,Fabián Aguilar,fabian.aguilar33@mail.com,944336423,2025-08-25T13:30,3
R00106,C012,Lucía Ibáñez,lucia.ibanez11@mail.com,974896533,2025-08-25T19:15,6
R00142,C016,Rosa García,rosa.garcia15@mail.com,917746529,2025-08-26T19:30,4
R00259,C030,Felipe Rey,felipe.rey29@mail.com,916106547,2025-08-26T19:45,4
R00221,C027,Noelia Villar,noelia.villar26@mail.com,980257358,2025-08-26T22:45,5
R00280,C034,Fabián Aguilar,fabian.aguilar33@mail.com,944336423,2025-08-27T13:00,2
R00308,C036,Patricia Benavides,patricia.benavides35@mail.com,970816279,2025-08-27T14:45,2
R00339,C039,Alonso Vásquez,alonso.vasquez38@mail.com,902917886,2025-08-27T20:15,6
R00085,C009,Bruno León,bruno.leon8@mail.com,921457963,2025-08-27T21:15,2
R00260,C030,Felipe Rey,felipe.rey29@mail.com,916106547,2025-08-27T22:00,4
R00143,C016,Rosa García,rosa.garcia15@mail.com,917746529,2025-08-28T13:30,5
R00144,C016,Rosa García,rosa.garcia15@mail.com,917746529,2025-08-28T14:15,3
R00107,C012,Lucía Ibáñez,lucia.ibanez11@mail.com,974896533,2025-08-28T20:00,3
R00222,C027,Noelia Villar,noelia.villar26@mail.com,980257358,2025-08-29T14:15,5
R00188,C023,Pamela Paredes,pamela.paredes22@mail.com,937184609,2025-08-29T22:00,2
R00340,C039,Alonso Vásquez,alonso.vasquez38@mail.com,902917886,2025-09-01T19:30,2
R00120,C013,Valeria Reátegui,valeria.reategui12@mail.com,944194161,2025-09-01T20:00,2
R00108,C012,Lucía Ibáñez,lucia.ibanez11@mail.com,974896533,2025-09-01T20:30,2
R00223,C027,Noelia Villar,noelia.villar26@mail.com,980257358,2025-09-01T21:00,2
R00281,C034,Fabián Aguilar,fabian.aguilar33@mail.com,944336423,2025-09-02T20:00,2
R00282,C034,Fabián Aguilar,fabian.aguilar33@mail.com,944336423,2025-09-02T20:15,2
R00283,C034,Fabián Aguilar,fabian.aguilar33@mail.com,944336423,2025-09-03T14:45,2
R00224,C027,Noelia Villar,noelia.villar26@mail.com,980257358,2025-09-03T21:15,2
R00157,C019,Hugo Campos,hugo.campos18@mail.com,977124814,2025-09-03T21:45,2
R00172,C022,Gonzalo Prieto,gonzalo.prieto21@mail.com,996093681,2025-09-03T22:15,2
R00062,C006,Jorge Lopez,jorge.lopez5@mail.com,902607356,2025-09-03T22:30,2
R00109,C012,Lucía Ibáñez,lucia.ibanez11@mail.com,974896533,2025-09-04T13:00,4
R00284,C034,Fabián Aguilar,fabian.aguilar33@mail.com,944336423,2025-09-04T20:00,4
R00124,C014,Andrés Sandoval,andres.sandoval13@mail.com,955960236,2025-09-04T20:30,2
R00016,C001,Ana Díaz,ana.diaz0@mail.com,956151075,2025-09-04T20:45,2
R00237,C028,Germán Vega,german.vega27@mail.com,907868588,2025-09-05T12:45,2
R00125,C014,Andrés Sandoval,andres.sandoval13@mail.com,955960236,2025-09-06T13:00,6
R00026,C003,Carla Pérez,carla.perez2@mail.com,917034346,2025-09-06T21:00,5
R00110,C012,Lucía Ibáñez,lucia.ibanez11@mail.com,974896533,2025-09-07T13:30,4
R00151,C018,Camila Ramírez,camila.ramirez17@mail.com,959325566,2025-09-07T19:45,2
R00111,C012,Lucía Ibáñez,lucia.ibanez11@mail.com,974896533,2025-09-07T21:15,2
R00285,C034,Fabián Aguilar,fabian.aguilar33@mail.com,944336423,2025-09-09T20:30,6
R00286,C034,Fabián Aguilar,fabian.aguilar33@mail.com,944336423,2025-09-10T13:15,2
R00323,C037,Marcos Baca,marcos.baca36@mail.com,944303347,2025-09-10T19:15,3
R00027,C003,Carla Pérez,carla.perez2@mail.com,917034346,2025-09-10T20:45,2
R00287,C034,Fabián Aguilar,fabian.aguilar33@mail.com,944336423,2025-09-10T21:15,2
R00328,C038,Julieta Ramos,julieta.ramos37@mail.com,935291928,2025-09-10T21:30,2
R00288,C034,Fabián Aguilar,fabian.aguilar33@mail.com,944336423,2025-09-12T13:45,6
R00040,C004,Diego Castro,diego.castro3@mail.com,905139490,2025-09-12T19:15,2
R00309,C036,Patricia Benavides,patricia.benavides35@mail.com,970816279,2025-09-13T14:15,5
R00261,C030,Felipe Rey,felipe.rey29@mail.com,916106547,2025-09-14T22:45,3
R00310,C036,Patricia Benavides,patricia.benavides35@mail.com,970816279,2025-09-15T20:15,5
R00047,C005,María Zevallos,maria.zevallos4@mail.com,957833470,2025-09-16T20:00,4
R00112,C012,Lucía Ibáñez,lucia.ibanez11@mail.com,974896533,2025-09-17T19:15,5
R00205,C026,Pablo Huamán,pablo.huaman25@mail.com,907717191,2025-09-17T20:00,2
R00048,C005,María Zevallos,maria.zevallos4@mail.com,957833470,2025-09-19T13:45,6
R00049,C005,María Zevallos,maria.zevallos4@mail.com,957833470,2025-09-19T19:30,3
R00262,C030,Felipe Rey,felipe.rey29@mail.com,916106547,2025-09-19T20:45,6
R00311,C036,Patricia Benavides,patricia.benavides35@mail.com,970816279,2025-09-20T13:00,2
R00093,C010,Elena Cornejo,elena.cornejo9@mail.com,920160812,2025-09-21T19:30,3
R00126,C014,Andrés Sandoval,andres.sandoval13@mail.com,955960236,2025-09-22T20:15,6
R00344,C040,Ximena Palacios,ximena.palacios39@mail.com,994554327,2025-09-22T20:30,3
R00189,C023,Pamela Paredes,pamela.paredes22@mail.com,937184609,2025-09-23T13:45,2
R00113,C012,Lucía Ibáñez,lucia.ibanez11@mail.com,974896533,2025-09-23T21:00,4
R00127,C014,Andrés Sandoval,andres.sandoval13@mail.com,955960236,2025-09-24T13:00,2
R00028,C003,Carla Pérez,carla.perez2@mail.com,917034346,2025-09-24T14:00,2
R00190,C023,Pamela Paredes,pamela.paredes22@mail.com,937184609,2025-09-24T20:15,3
R00128,C014,Andrés Sandoval,andres.sandoval13@mail.com,955960236,2025-09-25T19:45,5
R00225,C027,Noelia Villar,noelia.villar26@mail.com,980257358,2025-09-25T21:15,4
R00050,C005,María Zevallos,maria.zevallos4@mail.com,957833470,2025-09-26T14:15,4
R00051,C005,María Zevallos,maria.zevallos4@mail.com,957833470,2025-09-26T19:45,2
R00129,C014,Andrés Sandoval,andres.sandoval13@mail.com,955960236,2025-09-27T13:00,6
R00192,C024,Daniel Acuña,daniel.acuna23@mail.com,974701905,2025-09-27T21:30,3
R00191,C023,Pamela Paredes,pamela.paredes22@mail.com,937184609,2025-09-27T21:45,2
R00248,C029,Nora Flores,nora.flores28@mail.com,911587671,2025-09-28T22:15,5
R00094,C010,Elena Cornejo,elena.cornejo9@mail.com,920160812,2025-09-29T20:30,3
R00114,C012,Lucía Ibáñez,lucia.ibanez11@mail.com,974896533,2025-09-29T21:15,2
R00130,C014,Andrés Sandoval,andres.sandoval13@mail.com,955960236,2025-09-29T22:30,5
R00193,C024,Daniel Acuña,daniel.acuna23@mail.com,974701905,2025-09-30T14:45,2
R00131,C014,Andrés Sandoval,andres.sandoval13@mail.com,955960236,2025-10-01T14:45,2
R00238,C028,Germán Vega,german.vega27@mail.com,907868588,2025-10-01T20:00,2
R00239,C028,Germán Vega,german.vega27@mail.com,907868588,2025-10-01T21:45,5
R00132,C014,Andrés Sandoval,andres.sandoval13@mail.com,955960236,2025-10-01T22:00,2
R00194,C024,Daniel Acuña,daniel.acuna23@mail.com,974701905,2025-10-02T19:30,2
R00115,C012,Lucía Ibáñez,lucia.ibanez11@mail.com,974896533,2025-10-03T13:45,2
R00240,C028,Germán Vega,german.vega27@mail.com,907868588,2025-10-03T21:30,4
R00206,C026,Pablo Huamán,pablo.huaman25@mail.com,907717191,2025-10-04T13:45,2
R00241,C028,Germán Vega,german.vega27@mail.com,907868588,2025-10-04T20:30,2
R00242,C028,Germán Vega,german.vega27@mail.com,907868588,2025-10-05T13:45,3
R00243,C028,Germán Vega,german.vega27@mail.com,907868588,2025-10-05T13:45,5
R00345,C040,Ximena Palacios,ximena.palacios39@mail.com,994554327,2025-10-06T13:45,2
R00312,C036,Patricia Benavides,patricia.benavides35@mail.com,970816279,2025-10-06T19:45,2
R00095,C010,Elena Cornejo,elena.cornejo9@mail.com,920160812,2025-10-06T20:15,5
R00029,C003,Carla Pérez,carla.perez2@mail.com,917034346,2025-10-06T21:15,4
R00324,C037,Marcos Baca,marcos.baca36@mail.com,944303347,2025-10-07T13:30,5
R00116,C012,Lucía Ibáñez,lucia.ibanez11@mail.com,974896533,2025-10-07T19:45,2
R00346,C040,Ximena Palacios,ximena.palacios39@mail.com,994554327,2025-10-07T21:00,5
R00244,C028,Germán Vega,german.vega27@mail.com,907868588,2025-10-07T21:15,5
R00207,C026,Pablo Huamán,pablo.huaman25@mail.com,907717191,2025-10-08T13:45,2
R00030,C003,Carla Pérez,carla.perez2@mail.com,917034346,2025-10-08T14:45,2
R00133,C014,Andrés Sandoval,andres.sandoval13@mail.com,955960236,2025-10-08T20:15,6
R00226,C027,Noelia Villar,noelia.villar26@mail.com,980257358,2025-10-09T20:45,2
R00289,C034,Fabián Aguilar,fabian.aguilar33@mail.com,944336423,2025-10-10T13:30,2
R00227,C027,Noelia Villar,noelia.villar26@mail.com,980257358,2025-10-10T14:30,5
R00290,C034,Fabián Aguilar,fabian.aguilar33@mail.com,944336423,2025-10-10T14:45,2
R00245,C028,Germán Vega,german.vega27@mail.com,907868588,2025-10-10T19:15,2
R00246,C028,Germán Vega,german.vega27@mail.com,907868588,2025-10-11T20:15,2
R00325,C037,Marcos Baca,marcos.baca36@mail.com,944303347,2025-10-11T21:45,2
R00208,C026,Pablo Huamán,pablo.huaman25@mail.com,907717191,2025-10-12T14:15,5
R00326,C037,Marcos Baca,marcos.baca36@mail.com,944303347,2025-10-12T19:45,6
R00228,C027,Noelia Villar,noelia.villar26@mail.com,980257358,2025-10-14T14:45,5
R00247,C028,Germán Vega,german.vega27@mail.com,907868588,2025-10-15T14:30,2
