reservation_id,customer_id,name,email,phone,datetime,party_size
R000213,C017,Mario Diaz,mario.diaz16@mail.com,991818039,2025-01-01T13:15,2
R000214,C017,Mario Diaz,mario.diaz16@mail.com,991818039,2025-01-02T20:30,4
R000276,C019,Hugo Quispe,hugo.quispe18@mail.com,987704420,2025-01-02T21:45,2
R000215,C017,Mario Diaz,mario.diaz16@mail.com,991818039,2025-01-02T22:00,4
R000142,C010,Elena Garcia,elena.garcia9@mail.com,961446718,2025-01-02T22:30,3
R000355,C026,Pablo Garcia,pablo.garcia25@mail.com,983747143,2025-01-03T21:00,2
R000216,C017,Mario Diaz,mario.diaz16@mail.com,991818039,2025-01-04T14:15,2
R000173,C016,Rosa Huaman,rosa.huaman15@mail.com,955234657,2025-01-04T19:15,3
R000628,C042,Luis Garcia,luis.garcia41@mail.com,997712366,2025-01-05T13:30,4
R000629,C042,Luis Garcia,luis.garcia41@mail.com,997712366,2025-01-05T19:30,2
R000217,C017,Mario Diaz,mario.diaz16@mail.com,991818039,2025-01-07T20:45,3
R000162,C014,Andres Benavides,andres.benavides13@mail.com,953590998,2025-01-08T19:15,6
R000218,C017,Mario Diaz,mario.diaz16@mail.com,991818039,2025-01-08T20:45,5
R000277,C019,Hugo Quispe,hugo.quispe18@mail.com,987704420,2025-01-09T13:15,3
R000278,C019,Hugo Quispe,hugo.quispe18@mail.com,987704420,2025-01-09T13:30,5
R000716,C048,Pedro Huaman,pedro.huaman47@mail.com,949008489,2025-01-09T19:00,4
R000219,C017,Mario Diaz,mario.diaz16@mail.com,991818039,2025-01-09T19:00,4
R000630,C042,Luis Garcia,luis.garcia41@mail.com,997712366,2025-01-09T20:15,6
R000143,C010,Elena Garcia,elena.garcia9@mail.com,961446718,2025-01-09T21:15,3
R000003,C002,Luis Garcia,luis.garcia1@mail.com,963183385,2025-01-10T14:30,2
R000174,C016,Rosa Huaman,rosa.huaman15@mail.com,955234657,2025-01-10T19:15,2
R000631,C042,Luis Garcia,luis.garcia41@mail.com,997712366,2025-01-11T13:00,2
R000144,C010,Elena Garcia,elena.garcia9@mail.com,961446718,2025-01-11T20:00,2
R000039,C003,Carla Quispe,carla.quispe2@mail.com,904143988,2025-01-12T20:00,2
R000356,C026,Pablo Garcia,pablo.garcia25@mail.com,983747143,2025-01-14T22:30,2
R000480,C034,Fabian Garcia,fabian.garcia33@mail.com,986321414,2025-01-15T14:45,2
R000040,C003,Carla Quispe,carla.quispe2@mail.com,904143988,2025-01-15T19:00,2
R000041,C003,Carla Quispe,carla.quispe2@mail.com,904143988,2025-01-15T22:00,4
R000430,C032,Sergio Huaman,sergio.huaman31@mail.com,982437483,2025-01-15T22:45,3
R000523,C038,Julieta Benavides,julieta.benavides37@mail.com,946350099,2025-01-16T20:15,5
R000163,C014,Andres Benavides,andres.benavides13@mail.com,953590998,2025-01-16T20:15,6
R000481,C034,Fabian Garcia,fabian.garcia33@mail.com,986321414,2025-01-17T20:15,4
R000559,C040,Ximena Huaman,ximena.huaman39@mail.com,972633353,2025-01-17T21:15,5
R000589,C041,Ana Diaz,ana.diaz40@mail.com,936173582,2025-01-18T14:00,2
R000524,C038,Julieta Benavides,julieta.benavides37@mail.com,946350099,2025-01-18T14:00,2
R000651,C044,Diego Lopez,diego.lopez43@mail.com,932707167,2025-01-19T20:00,2
R000062,C004,Diego Lopez,diego.lopez3@mail.com,982445525,2025-01-20T13:30,4
R000042,C003,Carla Quispe,carla.quispe2@mail.com,904143988,2025-01-20T19:30,5
R000482,C034,Fabian Garcia,fabian.garcia33@mail.com,986321414,2025-01-20T19:45,4
R000590,C041,Ana Diaz,ana.diaz40@mail.com,936173582,2025-01-20T20:30,3
R000318,C022,Gonzalo Benavides,gonzalo.benavides21@mail.com,907830616,2025-01-21T20:45,3
R000279,C019,Hugo Quispe,hugo.quispe18@mail.com,987704420,2025-01-23T14:30,2
R000483,C034,Fabian Garcia,fabian.garcia33@mail.com,986321414,2025-01-23T21:45,6
R000717,C048,Pedro Huaman,pedro.huaman47@mail.com,949008489,2025-01-24T12:00,2
R000525,C038,Julieta Benavides,julieta.benavides37@mail.com,946350099,2025-01-24T13:30,3
R000632,C042,Luis Garcia,luis.garcia41@mail.com,997712366,2025-01-24T14:15,2
R000509,C036,Patricia Lopez,patricia.lopez35@mail.com,959826143,2025-01-24T22:30,3
R000246,C018,Camila Garcia,camila.garcia17@mail.com,982777828,2025-01-25T13:45,3
R000280,C019,Hugo Quispe,hugo.quispe18@mail.com,987704420,2025-01-25T14:45,5
R000281,C019,Hugo Quispe,hugo.quispe18@mail.com,987704420,2025-01-25T19:15,4
R000063,C004,Diego Lopez,diego.lopez3@mail.com,982445525,2025-01-27T13:45,4
R000043,C003,Carla Quispe,carla.quispe2@mail.com,904143988,2025-01-27T14:45,2
R000357,C026,Pablo Garcia,pablo.garcia25@mail.com,983747143,2025-01-27T22:00,6
R000399,C029,Nora Nunez,nora.nunez28@mail.com,968928229,2025-01-28T13:00,5
R000718,C048,Pedro Huaman,pedro.huaman47@mail.com,949008489,2025-01-29T14:15,2
R000358,C026,Pablo Garcia,pablo.garcia25@mail.com,983747143,2025-01-30T14:45,2
R000175,C016,Rosa Huaman,rosa.huaman15@mail.com,955234657,2025-01-31T19:00,4
R000719,C048,Pedro Huaman,pedro.huaman47@mail.com,949008489,2025-01-31T19:45,5
R000282,C019,Hugo Quispe,hugo.quispe18@mail.com,987704420,2025-01-31T20:00,2
R000729,C049,Bruno Diaz,bruno.diaz48@mail.com,910449573,2025-01-31T20:45,5
R000659,C045,Maria Nunez,maria.nunez44@mail.com,912704723,2025-01-31T22:00,4
R000591,C041,Ana Diaz,ana.diaz40@mail.com,936173582,2025-01-31T22:15,5
R000283,C019,Hugo Quispe,hugo.quispe18@mail.com,987704420,2025-01-31T22:30,2
R000220,C017,Mario Diaz,mario.diaz16@mail.com,991818039,2025-02-01T13:00,5
R000389,C028,German Lopez,german.lopez27@mail.com,989241678,2025-02-01T20:00,5
R000400,C029,Nora Nunez,nora.nunez28@mail.com,968928229,2025-02-01T22:00,3
R000431,C032,Sergio Huaman,sergio.huaman31@mail.com,982437483,2025-02-02T19:15,2
R000311,C021,Teresa Nunez,teresa.nunez20@mail.com,900174931,2025-02-02T20:15,2
R000720,C048,Pedro Huaman,pedro.huaman47@mail.com,949008489,2025-02-02T20:15,2
R000526,C038,Julieta Benavides,julieta.benavides37@mail.com,946350099,2025-02-02T21:30,5
R000221,C017,Mario Diaz,mario.diaz16@mail.com,991818039,2025-02-03T13:30,6
R000176,C016,Rosa Huaman,rosa.huaman15@mail.com,955234657,2025-02-03T20:45,2
R000527,C038,Julieta Benavides,julieta.benavides37@mail.com,946350099,2025-02-04T13:15,6
R000319,C022,Gonzalo Benavides,gonzalo.benavides21@mail.com,907830616,2025-02-04T22:30,2
R000064,C004,Diego Lopez,diego.lopez3@mail.com,982445525,2025-02-04T22:45,2
R000390,C028,German Lopez,german.lopez27@mail.com,989241678,2025-02-05T21:30,4
R000432,C032,Sergio Huaman,sergio.huaman31@mail.com,982437483,2025-02-05T21:30,2
R000721,C048,Pedro Huaman,pedro.huaman47@mail.com,949008489,2025-02-05T22:30,2
R000312,C021,Teresa Nunez,teresa.nunez20@mail.com,900174931,2025-02-06T13:00,4
R000222,C017,Mario Diaz,mario.diaz16@mail.com,991818039,2025-02-06T22:00,2
R000528,C038,Julieta Benavides,julieta.benavides37@mail.com,946350099,2025-02-07T19:15,4
R000433,C032,Sergio Huaman,sergio.huaman31@mail.com,982437483,2025-02-07T19:45,3
R000401,C029,Nora Nunez,nora.nunez28@mail.com,968928229,2025-02-07T20:15,5
R000359,C026,Pablo Garcia,pablo.garcia25@mail.com,983747143,2025-02-07T20:15,2
R000402,C029,Nora Nunez,nora.nunez28@mail.com,968928229,2025-02-07T21:00,2
R000722,C048,Pedro Huaman,pedro.huaman47@mail.com,949008489,2025-02-08T19:00,6
R000223,C017,Mario Diaz,mario.diaz16@mail.com,991818039,2025-02-08T22:15,2
R000224,C017,Mario Diaz,mario.diaz16@mail.com,991818039,2025-02-08T22:45,5
R000391,C028,German Lopez,german.lopez27@mail.com,989241678,2025-02-09T20:30,2
R000723,C048,Pedro Huaman,pedro.huaman47@mail.com,949008489,2025-02-09T21:00,2
R000392,C028,German Lopez,german.lopez27@mail.com,989241678,2025-02-09T21:45,4
R000393,C028,German Lopez,german.lopez27@mail.com,989241678,2025-02-10T14:00,4
R000403,C029,Nora Nunez,nora.nunez28@mail.com,968928229,2025-02-10T14:15,2
R000313,C021,Teresa Nunez,teresa.nunez20@mail.com,900174931,2025-02-10T22:45,4
R000529,C038,Julieta Benavides,julieta.benavides37@mail.com,946350099,2025-02-11T13:30,2
R000724,C048,Pedro Huaman,pedro.huaman47@mail.com,949008489,2025-02-11T19:30,3
R000004,C002,Luis Garcia,luis.garcia1@mail.com,963183385,2025-02-13T14:00,6
R000225,C017,Mario Diaz,mario.diaz16@mail.com,991818039,2025-02-13T21:00,6
R000530,C038,Julieta Benavides,julieta.benavides37@mail.com,946350099,2025-02-14T13:00,2
R000531,C038,Julieta Benavides,julieta.benavides37@mail.com,946350099,2025-02-14T21:15,2
R000314,C021,Teresa Nunez,teresa.nunez20@mail.com,900174931,2025-02-15T13:00,5
R000434,C032,Sergio Huaman,sergio.huaman31@mail.com,982437483,2025-02-15T19:45,2
R000592,C041,Ana Diaz,ana.diaz40@mail.com,936173582,2025-02-16T12:15,2
R000347,C025,Carolina Diaz,carolina.diaz24@mail.com,910455152,2025-02-16T20:15,4
R000532,C038,Julieta Benavides,julieta.benavides37@mail.com,946350099,2025-02-16T21:45,2
R000327,C024,Daniel Huaman,daniel.huaman23@mail.com,958966085,2025-02-17T19:15,2
R000044,C003,Carla Quispe,carla.quispe2@mail.com,904143988,2025-02-17T21:30,3
R000404,C029,Nora Nunez,nora.nunez28@mail.com,968928229,2025-02-18T13:00,2
R000725,C048,Pedro Huaman,pedro.huaman47@mail.com,949008489,2025-02-18T20:15,2
R000633,C042,Luis Garcia,luis.garcia41@mail.com,997712366,2025-02-19T14:00,2
R000726,C048,Pedro Huaman,pedro.huaman47@mail.com,949008489,2025-02-19T22:00,6
R000226,C017,Mario Diaz,mario.diaz16@mail.com,991818039,2025-02-20T13:30,4
R000177,C016,Rosa Huaman,rosa.huaman15@mail.com,955234657,2025-02-20T20:15,2
R000178,C016,Rosa Huaman,rosa.huaman15@mail.com,955234657,2025-02-21T19:45,4
R000113,C008,Pedro Huaman,pedro.huaman7@mail.com,979623421,2025-02-23T21:45,3
R000328,C024,Daniel Huaman,daniel.huaman23@mail.com,958966085,2025-02-24T13:00,2
R000634,C042,Luis Garcia,luis.garcia41@mail.com,997712366,2025-02-24T22:45,6
R000543,C039,Alonso Mendoza,alonso.mendoza38@mail.com,905766944,2025-02-25T19:15,2
R000544,C039,Alonso Mendoza,alonso.mendoza38@mail.com,905766944,2025-02-26T20:15,4
R000114,C008,Pedro Huaman,pedro.huaman7@mail.com,979623421,2025-02-27T19:15,2
R000179,C016,Rosa Huaman,rosa.huaman15@mail.com,955234657,2025-02-27T20:45,5
R000293,C020,Ivan Lopez,ivan.lopez19@mail.com,975530418,2025-02-27T22:15,6
R000180,C016,Rosa Huaman,rosa.huaman15@mail.com,955234657,2025-02-28T19:00,5
R000435,C032,Sergio Huaman,sergio.huaman31@mail.com,982437483,2025-02-28T20:30,6
R000181,C016,Rosa Huaman,rosa.huaman15@mail.com,955234657,2025-02-28T22:30,3
R000086,C005,Maria Nunez,maria.nunez4@mail.com,919945005,2025-03-03T19:30,2
R000247,C018,Camila Garcia,camila.garcia17@mail.com,982777828,2025-03-03T20:30,2
R000320,C023,Pamela Mendoza,pamela.mendoza22@mail.com,908038445,2025-03-03T20:45,4
R000087,C005,Maria Nunez,maria.nunez4@mail.com,919945005,2025-03-04T14:15,5
R000133,C009,Bruno Diaz,bruno.diaz8@mail.com,930845502,2025-03-04T21:15,2
R000248,C018,Camila Garcia,camila.garcia17@mail.com,982777828,2025-03-05T21:00,2
R000249,C018,Camila Garcia,camila.garcia17@mail.com,982777828,2025-03-05T21:30,3
R000635,C042,Luis Garcia,luis.garcia41@mail.com,997712366,2025-03-05T22:00,3
R000250,C018,Camila Garcia,camila.garcia17@mail.com,982777828,2025-03-05T22:15,4
R000251,C018,Camila Garcia,camila.garcia17@mail.com,982777828,2025-03-06T13:30,2
R000593,C041,Ana Diaz,ana.diaz40@mail.com,936173582,2025-03-06T21:30,6
R000252,C018,Camila Garcia,camila.garcia17@mail.com,982777828,2025-03-06T22:00,5
R000405,C029,Nora Nunez,nora.nunez28@mail.com,968928229,2025-03-07T20:15,6
R000284,C019,Hugo Quispe,hugo.quispe18@mail.com,987704420,2025-03-07T22:00,6
R000406,C029,Nora Nunez,nora.nunez28@mail.com,968928229,2025-03-08T14:30,6
R000065,C004,Diego Lopez,diego.lopez3@mail.com,982445525,2025-03-09T13:00,2
R000005,C002,Luis Garcia,luis.garcia1@mail.com,963183385,2025-03-09T20:45,2
R000253,C018,Camila Garcia,camila.garcia17@mail.com,982777828,2025-03-10T20:45,2
R000294,C020,Ivan Lopez,ivan.lopez19@mail.com,975530418,2025-03-12T13:00,2
R000436,C032,Sergio Huaman,sergio.huaman31@mail.com,982437483,2025-03-12T20:30,2
R000254,C018,Camila Garcia,camila.garcia17@mail.com,982777828,2025-03-13T20:00,6
R000255,C018,Camila Garcia,camila.garcia17@mail.com,982777828,2025-03-14T12:15,4
R000256,C018,Camila Garcia,camila.garcia17@mail.com,982777828,2025-03-14T21:45,2
R000736,C050,Elena Garcia,elena.garcia49@mail.com,981055775,2025-03-15T13:15,2
R000737,C050,Elena Garcia,elena.garcia49@mail.com,981055775,2025-03-15T13:30,2
R000533,C038,Julieta Benavides,julieta.benavides37@mail.com,946350099,2025-03-15T20:15,2
R000295,C020,Ivan Lopez,ivan.lopez19@mail.com,975530418,2025-03-15T20:15,2
R000534,C038,Julieta Benavides,julieta.benavides37@mail.com,946350099,2025-03-16T14:45,2
R000329,C024,Daniel Huaman,daniel.huaman23@mail.com,958966085,2025-03-17T14:45,4
R000660,C045,Maria Nunez,maria.nunez44@mail.com,912704723,2025-03-17T20:45,5
R000066,C004,Diego Lopez,diego.lopez3@mail.com,982445525,2025-03-17T22:15,2
R000067,C004,Diego Lopez,diego.lopez3@mail.com,982445525,2025-03-18T19:30,2
R000068,C004,Diego Lopez,diego.lopez3@mail.com,982445525,2025-03-19T19:15,2
R000257,C018,Camila Garcia,camila.garcia17@mail.com,982777828,2025-03-19T19:45,2
R000407,C029,Nora Nunez,nora.nunez28@mail.com,968928229,2025-03-19T22:45,4
R000545,C039,Alonso Mendoza,alonso.mendoza38@mail.com,905766944,2025-03-20T13:15,3
R000636,C042,Luis Garcia,luis.garcia41@mail.com,997712366,2025-03-20T14:15,2
R000437,C032,Sergio Huaman,sergio.huaman31@mail.com,982437483,2025-03-20T19:00,2
R000683,C046,Jorge Benavides,jorge.benavides45@mail.com,924201470,2025-03-20T20:45,2
R000360,C026,Pablo Garcia,pablo.garcia25@mail.com,983747143,2025-03-21T14:15,3
R000330,C024,Daniel Huaman,daniel.huaman23@mail.com,958966085,2025-03-21T19:30,2
R000546,C039,Alonso Mendoza,alonso.mendoza38@mail.com,905766944,2025-03-22T13:15,2
R000134,C009,Bruno Diaz,bruno.diaz8@mail.com,930845502,2025-03-23T20:00,3
R000535,C038,Julieta Benavides,julieta.benavides37@mail.com,946350099,2025-03-23T22:15,5
R000331,C024,Daniel Huaman,daniel.huaman23@mail.com,958966085,2025-03-24T13:45,2
R000684,C046,Jorge Benavides,jorge.benavides45@mail.com,924201470,2025-03-24T14:00,3
R000685,C046,Jorge Benavides,jorge.benavides45@mail.com,924201470,2025-03-24T19:45,6
R000661,C045,Maria Nunez,maria.nunez44@mail.com,912704723,2025-03-24T22:00,2
R000560,C040,Ximena Huaman,ximena.huaman39@mail.com,972633353,2025-03-25T14:15,5
R000069,C004,Diego Lopez,diego.lopez3@mail.com,982445525,2025-03-25T19:15,3
R000153,C012,Lucia Lopez,lucia.lopez11@mail.com,940796738,2025-03-26T13:45,6
R000652,C044,Diego Lopez,diego.lopez43@mail.com,932707167,2025-03-27T13:15,2
R000484,C034,Fabian Garcia,fabian.garcia33@mail.com,986321414,2025-03-28T19:15,6
R000547,C039,Alonso Mendoza,alonso.mendoza38@mail.com,905766944,2025-03-28T21:30,4
R000154,C012,Lucia Lopez,lucia.lopez11@mail.com,940796738,2025-03-28T22:15,2
R000686,C046,Jorge Benavides,jorge.benavides45@mail.com,924201470,2025-03-28T22:15,3
R000361,C026,Pablo Garcia,pablo.garcia25@mail.com,983747143,2025-03-29T13:15,5
R000687,C046,Jorge Benavides,jorge.benavides45@mail.com,924201470,2025-03-29T13:45,2
R000548,C039,Alonso Mendoza,alonso.mendoza38@mail.com,905766944,2025-03-29T14:15,2
R000135,C009,Bruno Diaz,bruno.diaz8@mail.com,930845502,2025-03-29T19:45,6
R000362,C026,Pablo Garcia,pablo.garcia25@mail.com,983747143,2025-03-29T20:00,2
R000136,C009,Bruno Diaz,bruno.diaz8@mail.com,930845502,2025-03-29T20:30,2
R000536,C038,Julieta Benavides,julieta.benavides37@mail.com,946350099,2025-03-30T19:00,2
R000688,C046,Jorge Benavides,jorge.benavides45@mail.com,924201470,2025-03-30T19:45,2
R000485,C034,Fabian Garcia,fabian.garcia33@mail.com,986321414,2025-03-30T21:30,2
R000689,C046,Jorge Benavides,jorge.benavides45@mail.com,924201470,2025-03-30T21:45,5
R000137,C009,Bruno Diaz,bruno.diaz8@mail.com,930845502,2025-03-31T19:30,4
R000138,C009,Bruno Diaz,bruno.diaz8@mail.com,930845502,2025-03-31T20:15,5
R000549,C039,Alonso Mendoza,alonso.mendoza38@mail.com,905766944,2025-03-31T21:30,2
R000550,C039,Alonso Mendoza,alonso.mendoza38@mail.com,905766944,2025-04-01T20:30,2
R000653,C044,Diego Lopez,diego.lopez43@mail.com,932707167,2025-04-01T22:00,2
R000227,C017,Mario Diaz,mario.diaz16@mail.com,991818039,2025-04-03T13:00,2
R000594,C041,Ana Diaz,ana.diaz40@mail.com,936173582,2025-04-03T19:00,4
R000182,C016,Rosa Huaman,rosa.huaman15@mail.com,955234657,2025-04-03T19:45,4
R000183,C016,Rosa Huaman,rosa.huaman15@mail.com,955234657,2025-04-03T20:00,2
R000690,C046,Jorge Benavides,jorge.benavides45@mail.com,924201470,2025-04-03T20:30,2
R000595,C041,Ana Diaz,ana.diaz40@mail.com,936173582,2025-04-04T14:45,5
R000332,C024,Daniel Huaman,daniel.huaman23@mail.com,958966085,2025-04-04T19:00,4
R000408,C029,Nora Nunez,nora.nunez28@mail.com,968928229,2025-04-04T19:30,2
R000561,C040,Ximena Huaman,ximena.huaman39@mail.com,972633353,2025-04-04T20:45,2
R000551,C039,Alonso Mendoza,alonso.mendoza38@mail.com,905766944,2025-04-04T22:45,3
R000164,C014,Andres Benavides,andres.benavides13@mail.com,953590998,2025-04-05T19:30,2
R000438,C032,Sergio Huaman,sergio.huaman31@mail.com,982437483,2025-04-06T19:30,6
R000691,C046,Jorge Benavides,jorge.benavides45@mail.com,924201470,2025-04-06T22:45,5
R000184,C016,Rosa Huaman,rosa.huaman15@mail.com,955234657,2025-04-07T13:00,2
R000363,C026,Pablo Garcia,pablo.garcia25@mail.com,983747143,2025-04-07T22:45,4
R000185,C016,Rosa Huaman,rosa.huaman15@mail.com,955234657,2025-04-08T21:00,4
R000186,C016,Rosa Huaman,rosa.huaman15@mail.com,955234657,2025-04-08T21:15,6
R000187,C016,Rosa Huaman,rosa.huaman15@mail.com,955234657,2025-04-09T13:30,6
R000596,C041,Ana Diaz,ana.diaz40@mail.com,936173582,2025-04-09T14:30,2
R000597,C041,Ana Diaz,ana.diaz40@mail.com,936173582,2025-04-10T13:15,6
R000188,C016,Rosa Huaman,rosa.huaman15@mail.com,955234657,2025-04-10T13:15,5
R000598,C041,Ana Diaz,ana.diaz40@mail.com,936173582,2025-04-10T14:45,2
R000562,C040,Ximena Huaman,ximena.huaman39@mail.com,972633353,2025-04-10T14:45,3
R000727,C048,Pedro Huaman,pedro.huaman47@mail.com,949008489,2025-04-12T14:15,2
R000599,C041,Ana Diaz,ana.diaz40@mail.com,936173582,2025-04-12T22:00,2
R000228,C017,Mario Diaz,mario.diaz16@mail.com,991818039,2025-04-12T22:30,3
R000600,C041,Ana Diaz,ana.diaz40@mail.com,936173582,2025-04-13T13:45,3
R000364,C026,Pablo Garcia,pablo.garcia25@mail.com,983747143,2025-04-13T22:15,2
R000700,C047,Sofia Mendoza,sofia.mendoza46@mail.com,914948468,2025-04-14T14:30,3
R000601,C041,Ana Diaz,ana.diaz40@mail.com,936173582,2025-04-14T14:30,5
R000115,C008,Pedro Huaman,pedro.huaman7@mail.com,979623421,2025-04-14T14:45,2
R000189,C016,Rosa Huaman,rosa.huaman15@mail.com,955234657,2025-04-15T20:30,2
R000190,C016,Rosa Huaman,rosa.huaman15@mail.com,955234657,2025-04-16T22:15,5
R000191,C016,Rosa Huaman,rosa.huaman15@mail.com,955234657,2025-04-17T20:45,6
R000258,C018,Camila Garcia,camila.garcia17@mail.com,982777828,2025-04-18T20:00,6
R000116,C008,Pedro Huaman,pedro.huaman7@mail.com,979623421,2025-04-19T19:45,2
R000333,C024,Daniel Huaman,daniel.huaman23@mail.com,958966085,2025-04-20T20:30,6
R000602,C041,Ana Diaz,ana.diaz40@mail.com,936173582,2025-04-20T22:15,6
R000409,C029,Nora Nunez,nora.nunez28@mail.com,968928229,2025-04-21T20:15,6
R000117,C008,Pedro Huaman,pedro.huaman7@mail.com,979623421,2025-04-22T20:45,2
R000118,C008,Pedro Huaman,pedro.huaman7@mail.com,979623421,2025-04-23T14:45,6
R000410,C029,Nora Nunez,nora.nunez28@mail.com,968928229,2025-04-23T21:30,2
R000439,C032,Sergio Huaman,sergio.huaman31@mail.com,982437483,2025-04-24T21:45,2
R000692,C046,Jorge Benavides,jorge.benavides45@mail.com,924201470,2025-04-25T21:15,2
R000411,C029,Nora Nunez,nora.nunez28@mail.com,968928229,2025-04-25T22:30,2
R000192,C016,Rosa Huaman,rosa.huaman15@mail.com,955234657,2025-04-26T12:00,2
R000334,C024,Daniel Huaman,daniel.huaman23@mail.com,958966085,2025-04-26T14:00,6
R000259,C018,Camila Garcia,camila.garcia17@mail.com,982777828,2025-04-26T22:00,5
R000260,C018,Camila Garcia,camila.garcia17@mail.com,982777828,2025-04-27T14:15,2
R000387,C027,Noelia Quispe,noelia.quispe26@mail.com,916437523,2025-04-27T14:30,2
R000119,C008,Pedro Huaman,pedro.huaman7@mail.com,979623421,2025-04-27T20:30,5
R000486,C034,Fabian Garcia,fabian.garcia33@mail.com,986321414,2025-04-28T20:15,2
R000487,C034,Fabian Garcia,fabian.garcia33@mail.com,986321414,2025-04-29T19:15,3
R000261,C018,Camila Garcia,camila.garcia17@mail.com,982777828,2025-04-29T21:30,3
R000088,C005,Maria Nunez,maria.nunez4@mail.com,919945005,2025-04-30T13:45,3
R000637,C042,Luis Garcia,luis.garcia41@mail.com,997712366,2025-04-30T22:00,3
R000488,C034,Fabian Garcia,fabian.garcia33@mail.com,986321414,2025-05-01T21:45,2
R000388,C027,Noelia Quispe,noelia.quispe26@mail.com,916437523,2025-05-03T13:15,2
R000412,C029,Nora Nunez,nora.nunez28@mail.com,968928229,2025-05-03T21:45,2
R000120,C008,Pedro Huaman,pedro.huaman7@mail.com,979623421,2025-05-05T21:15,2
R000662,C045,Maria Nunez,maria.nunez44@mail.com,912704723,2025-05-06T13:30,5
R000262,C018,Camila Garcia,camila.garcia17@mail.com,982777828,2025-05-06T13:30,5
R000006,C002,Luis Garcia,luis.garcia1@mail.com,963183385,2025-05-06T22:15,6
R000348,C025,Carolina Diaz,carolina.diaz24@mail.com,910455152,2025-05-07T20:30,5
R000121,C008,Pedro Huaman,pedro.huaman7@mail.com,979623421,2025-05-07T21:00,4
R000089,C005,Maria Nunez,maria.nunez4@mail.com,919945005,2025-05-08T19:00,3
R000122,C008,Pedro Huaman,pedro.huaman7@mail.com,979623421,2025-05-08T19:45,4
R000045,C003,Carla Quispe,carla.quispe2@mail.com,904143988,2025-05-09T14:30,6
R000263,C018,Camila Garcia,camila.garcia17@mail.com,982777828,2025-05-09T21:00,2
R000510,C036,Patricia Lopez,patricia.lopez35@mail.com,959826143,2025-05-12T14:45,2
R000315,C021,Teresa Nunez,teresa.nunez20@mail.com,900174931,2025-05-12T19:15,6
R000070,C004,Diego Lopez,diego.lopez3@mail.com,982445525,2025-05-13T14:30,3
R000701,C047,Sofia Mendoza,sofia.mendoza46@mail.com,914948468,2025-05-13T14:30,6
R000663,C045,Maria Nunez,maria.nunez44@mail.com,912704723,2025-05-13T20:45,4
R000349,C025,Carolina Diaz,carolina.diaz24@mail.com,910455152,2025-05-13T22:15,2
R000071,C004,Diego Lopez,diego.lopez3@mail.com,982445525,2025-05-14T21:45,4
R000264,C018,Camila Garcia,camila.garcia17@mail.com,982777828,2025-05-14T22:30,2
R000335,C024,Daniel Huaman,daniel.huaman23@mail.com,958966085,2025-05-15T13:15,2
R000046,C003,Carla Quispe,carla.quispe2@mail.com,904143988,2025-05-15T14:00,4
R000603,C041,Ana Diaz,ana.diaz40@mail.com,936173582,2025-05-15T20:30,3
R000265,C018,Camila Garcia,camila.garcia17@mail.com,982777828,2025-05-16T13:30,3
R000266,C018,Camila Garcia,camila.garcia17@mail.com,982777828,2025-05-16T14:15,2
R000470,C033,Marta Diaz,marta.diaz32@mail.com,950157161,2025-05-17T19:30,4
R000229,C017,Mario Diaz,mario.diaz16@mail.com,991818039,2025-05-17T20:45,2
R000738,C050,Elena Garcia,elena.garcia49@mail.com,981055775,2025-05-19T13:45,2
R000471,C033,Marta Diaz,marta.diaz32@mail.com,950157161,2025-05-19T14:15,2
R000007,C002,Luis Garcia,luis.garcia1@mail.com,963183385,2025-05-20T14:30,5
R000047,C003,Carla Quispe,carla.quispe2@mail.com,904143988,2025-05-20T19:15,5
R000472,C033,Marta Diaz,marta.diaz32@mail.com,950157161,2025-05-21T14:30,2
R000473,C033,Marta Diaz,marta.diaz32@mail.com,950157161,2025-05-21T19:00,6
R000474,C033,Marta Diaz,marta.diaz32@mail.com,950157161,2025-05-21T22:30,4
R000267,C018,Camila Garcia,camila.garcia17@mail.com,982777828,2025-05-21T22:45,2
R000193,C016,Rosa Huaman,rosa.huaman15@mail.com,955234657,2025-05-22T12:00,3
R000048,C003,Carla Quispe,carla.quispe2@mail.com,904143988,2025-05-22T20:30,6
R000413,C029,Nora Nunez,nora.nunez28@mail.com,968928229,2025-05-22T21:15,4
R000321,C023,Pamela Mendoza,pamela.mendoza22@mail.com,908038445,2025-05-23T14:00,2
R000322,C023,Pamela Mendoza,pamela.mendoza22@mail.com,908038445,2025-05-23T21:15,3
R000001,C001,Ana Diaz,ana.diaz0@mail.com,990507590,2025-05-23T21:15,2
R000323,C023,Pamela Mendoza,pamela.mendoza22@mail.com,908038445,2025-05-24T20:45,2
R000268,C018,Camila Garcia,camila.garcia17@mail.com,982777828,2025-05-25T13:00,4
R000002,C001,Ana Diaz,ana.diaz0@mail.com,990507590,2025-05-25T13:00,5
R000604,C041,Ana Diaz,ana.diaz40@mail.com,936173582,2025-05-25T13:00,2
R000664,C045,Maria Nunez,maria.nunez44@mail.com,912704723,2025-05-25T20:30,6
R000230,C017,Mario Diaz,mario.diaz16@mail.com,991818039,2025-05-26T13:45,2
R000475,C033,Marta Diaz,marta.diaz32@mail.com,950157161,2025-05-27T20:15,3
R000324,C023,Pamela Mendoza,pamela.mendoza22@mail.com,908038445,2025-05-28T22:45,3
R000423,C030,Felipe Benavides,felipe.benavides29@mail.com,985746193,2025-05-30T13:15,6
R000499,C035,Alvaro Quispe,alvaro.quispe34@mail.com,957522446,2025-05-30T14:15,2
R000605,C041,Ana Diaz,ana.diaz40@mail.com,936173582,2025-05-31T19:45,2
R000049,C003,Carla Quispe,carla.quispe2@mail.com,904143988,2025-05-31T22:00,2
R000365,C026,Pablo Garcia,pablo.garcia25@mail.com,983747143,2025-06-03T19:00,2
R000050,C003,Carla Quispe,carla.quispe2@mail.com,904143988,2025-06-03T22:30,2
R000194,C016,Rosa Huaman,rosa.huaman15@mail.com,955234657,2025-06-04T12:15,2
R000008,C002,Luis Garcia,luis.garcia1@mail.com,963183385,2025-06-04T22:00,2
R000522,C037,Marcos Nunez,marcos.nunez36@mail.com,933856641,2025-06-04T22:00,4
R000537,C038,Julieta Benavides,julieta.benavides37@mail.com,946350099,2025-06-04T22:45,3
R000296,C020,Ivan Lopez,ivan.lopez19@mail.com,975530418,2025-06-06T14:15,3
R000009,C002,Luis Garcia,luis.garcia1@mail.com,963183385,2025-06-06T21:00,5
R000606,C041,Ana Diaz,ana.diaz40@mail.com,936173582,2025-06-07T12:15,6
R000538,C038,Julieta Benavides,julieta.benavides37@mail.com,946350099,2025-06-07T21:15,3
R000500,C035,Alvaro Quispe,alvaro.quispe34@mail.com,957522446,2025-06-07T21:30,3
R000366,C026,Pablo Garcia,pablo.garcia25@mail.com,983747143,2025-06-08T14:30,6
R000501,C035,Alvaro Quispe,alvaro.quispe34@mail.com,957522446,2025-06-08T19:30,3
R000195,C016,Rosa Huaman,rosa.huaman15@mail.com,955234657,2025-06-09T12:30,2
R000539,C038,Julieta Benavides,julieta.benavides37@mail.com,946350099,2025-06-09T22:30,3
R000654,C044,Diego Lopez,diego.lopez43@mail.com,932707167,2025-06-10T13:45,2
R000563,C040,Ximena Huaman,ximena.huaman39@mail.com,972633353,2025-06-10T14:00,2
R000325,C023,Pamela Mendoza,pamela.mendoza22@mail.com,908038445,2025-06-10T19:30,2
R000650,C043,Carla Quispe,carla.quispe42@mail.com,936675356,2025-06-10T22:30,6
R000440,C032,Sergio Huaman,sergio.huaman31@mail.com,982437483,2025-06-11T20:00,4
R000269,C018,Camila Garcia,camila.garcia17@mail.com,982777828,2025-06-11T21:00,2
R000552,C039,Alonso Mendoza,alonso.mendoza38@mail.com,905766944,2025-06-11T21:15,6
R000010,C002,Luis Garcia,luis.garcia1@mail.com,963183385,2025-06-11T22:30,6
R000051,C003,Carla Quispe,carla.quispe2@mail.com,904143988,2025-06-12T13:15,2
R000367,C026,Pablo Garcia,pablo.garcia25@mail.com,983747143,2025-06-13T22:45,2
R000104,C006,Jorge Benavides,jorge.benavides5@mail.com,907470344,2025-06-14T21:15,2
R000297,C020,Ivan Lopez,ivan.lopez19@mail.com,975530418,2025-06-14T22:15,6
R000489,C034,Fabian Garcia,fabian.garcia33@mail.com,986321414,2025-06-15T12:00,2
R000490,C034,Fabian Garcia,fabian.garcia33@mail.com,986321414,2025-06-15T19:30,6
R000298,C020,Ivan Lopez,ivan.lopez19@mail.com,975530418,2025-06-15T19:30,2
R000316,C021,Teresa Nunez,teresa.nunez20@mail.com,900174931,2025-06-15T20:15,5
R000553,C039,Alonso Mendoza,alonso.mendoza38@mail.com,905766944,2025-06-15T22:45,6
R000231,C017,Mario Diaz,mario.diaz16@mail.com,991818039,2025-06-16T14:15,2
R000368,C026,Pablo Garcia,pablo.garcia25@mail.com,983747143,2025-06-16T20:30,2
R000491,C034,Fabian Garcia,fabian.garcia33@mail.com,986321414,2025-06-16T20:45,2
R000607,C041,Ana Diaz,ana.diaz40@mail.com,936173582,2025-06-17T19:15,2
R000564,C040,Ximena Huaman,ximena.huaman39@mail.com,972633353,2025-06-18T13:45,6
R000123,C008,Pedro Huaman,pedro.huaman7@mail.com,979623421,2025-06-18T14:15,6
R000540,C038,Julieta Benavides,julieta.benavides37@mail.com,946350099,2025-06-18T21:45,5
R000369,C026,Pablo Garcia,pablo.garcia25@mail.com,983747143,2025-06-18T22:00,3
R000554,C039,Alonso Mendoza,alonso.mendoza38@mail.com,905766944,2025-06-20T20:00,2
R000638,C042,Luis Garcia,luis.garcia41@mail.com,997712366,2025-06-20T20:15,2
R000370,C026,Pablo Garcia,pablo.garcia25@mail.com,983747143,2025-06-21T22:15,6
R000414,C029,Nora Nunez,nora.nunez28@mail.com,968928229,2025-06-21T22:30,2
R000371,C026,Pablo Garcia,pablo.garcia25@mail.com,983747143,2025-06-22T14:00,2
R000655,C044,Diego Lopez,diego.lopez43@mail.com,932707167,2025-06-22T19:30,2
R000299,C020,Ivan Lopez,ivan.lopez19@mail.com,975530418,2025-06-22T22:00,3
R000300,C020,Ivan Lopez,ivan.lopez19@mail.com,975530418,2025-06-23T19:30,6
R000124,C008,Pedro Huaman,pedro.huaman7@mail.com,979623421,2025-06-24T20:30,2
R000125,C008,Pedro Huaman,pedro.huaman7@mail.com,979623421,2025-06-24T22:30,2
R000565,C040,Ximena Huaman,ximena.huaman39@mail.com,972633353,2025-06-25T21:45,3
R000126,C008,Pedro Huaman,pedro.huaman7@mail.com,979623421,2025-06-26T19:00,3
R000656,C044,Diego Lopez,diego.lopez43@mail.com,932707167,2025-06-26T19:00,2
R000011,C002,Luis Garcia,luis.garcia1@mail.com,963183385,2025-06-26T19:15,2
R000728,C048,Pedro Huaman,pedro.huaman47@mail.com,949008489,2025-06-26T19:15,5
R000012,C002,Luis Garcia,luis.garcia1@mail.com,963183385,2025-06-26T21:15,2
R000336,C024,Daniel Huaman,daniel.huaman23@mail.com,958966085,2025-06-27T13:15,4
R000566,C040,Ximena Huaman,ximena.huaman39@mail.com,972633353,2025-06-28T20:45,2
R000567,C040,Ximena Huaman,ximena.huaman39@mail.com,972633353,2025-06-29T19:30,2
R000511,C036,Patricia Lopez,patricia.lopez35@mail.com,959826143,2025-06-29T21:30,2
R000090,C005,Maria Nunez,maria.nunez4@mail.com,919945005,2025-06-29T22:15,3
R000165,C014,Andres Benavides,andres.benavides13@mail.com,953590998,2025-06-30T14:30,6
R000568,C040,Ximena Huaman,ximena.huaman39@mail.com,972633353,2025-06-30T20:45,4
R000657,C044,Diego Lopez,diego.lopez43@mail.com,932707167,2025-06-30T22:30,2
R000441,C032,Sergio Huaman,sergio.huaman31@mail.com,982437483,2025-07-01T19:30,3
R000442,C032,Sergio Huaman,sergio.huaman31@mail.com,982437483,2025-07-01T22:30,6
R000443,C032,Sergio Huaman,sergio.huaman31@mail.com,982437483,2025-07-02T13:15,4
R000502,C035,Alvaro Quispe,alvaro.quispe34@mail.com,957522446,2025-07-02T14:15,4
R000569,C040,Ximena Huaman,ximena.huaman39@mail.com,972633353,2025-07-03T21:00,2
R000285,C019,Hugo Quispe,hugo.quispe18@mail.com,987704420,2025-07-03T21:15,2
R000091,C005,Maria Nunez,maria.nunez4@mail.com,919945005,2025-07-03T21:15,2
R000166,C014,Andres Benavides,andres.benavides13@mail.com,953590998,2025-07-03T22:15,6
R000570,C040,Ximena Huaman,ximena.huaman39@mail.com,972633353,2025-07-04T14:45,2
R000608,C041,Ana Diaz,ana.diaz40@mail.com,936173582,2025-07-04T21:15,2
R000512,C036,Patricia Lopez,patricia.lopez35@mail.com,959826143,2025-07-04T21:45,5
R000609,C041,Ana Diaz,ana.diaz40@mail.com,936173582,2025-07-04T22:15,5
R000196,C016,Rosa Huaman,rosa.huaman15@mail.com,955234657,2025-07-04T22:15,5
R000444,C032,Sergio Huaman,sergio.huaman31@mail.com,982437483,2025-07-05T19:00,5
R000571,C040,Ximena Huaman,ximena.huaman39@mail.com,972633353,2025-07-06T14:45,6
R000610,C041,Ana Diaz,ana.diaz40@mail.com,936173582,2025-07-07T19:15,2
R000092,C005,Maria Nunez,maria.nunez4@mail.com,919945005,2025-07-07T20:45,2
R000445,C032,Sergio Huaman,sergio.huaman31@mail.com,982437483,2025-07-07T21:00,3
R000611,C041,Ana Diaz,ana.diaz40@mail.com,936173582,2025-07-08T22:15,5
R000572,C040,Ximena Huaman,ximena.huaman39@mail.com,972633353,2025-07-09T13:15,2
R000492,C034,Fabian Garcia,fabian.garcia33@mail.com,986321414,2025-07-09T21:45,2
R000573,C040,Ximena Huaman,ximena.huaman39@mail.com,972633353,2025-07-10T14:30,6
R000167,C014,Andres Benavides,andres.benavides13@mail.com,953590998,2025-07-10T20:30,2
R000446,C032,Sergio Huaman,sergio.huaman31@mail.com,982437483,2025-07-10T22:00,6
R000665,C045,Maria Nunez,maria.nunez44@mail.com,912704723,2025-07-11T13:15,6
R000666,C045,Maria Nunez,maria.nunez44@mail.com,912704723,2025-07-11T13:30,3
R000447,C032,Sergio Huaman,sergio.huaman31@mail.com,982437483,2025-07-11T19:00,6
R000105,C006,Jorge Benavides,jorge.benavides5@mail.com,907470344,2025-07-11T19:30,3
R000513,C036,Patricia Lopez,patricia.lopez35@mail.com,959826143,2025-07-11T21:45,3
R000301,C020,Ivan Lopez,ivan.lopez19@mail.com,975530418,2025-07-12T20:00,2
R000093,C005,Maria Nunez,maria.nunez4@mail.com,919945005,2025-07-13T13:15,2
R000612,C041,Ana Diaz,ana.diaz40@mail.com,936173582,2025-07-13T13:45,5
R000574,C040,Ximena Huaman,ximena.huaman39@mail.com,972633353,2025-07-14T20:15,2
R000094,C005,Maria Nunez,maria.nunez4@mail.com,919945005,2025-07-16T13:00,6
R000613,C041,Ana Diaz,ana.diaz40@mail.com,936173582,2025-07-16T21:00,4
R000514,C036,Patricia Lopez,patricia.lopez35@mail.com,959826143,2025-07-17T12:45,2
R000106,C006,Jorge Benavides,jorge.benavides5@mail.com,907470344,2025-07-17T14:15,4
R000107,C006,Jorge Benavides,jorge.benavides5@mail.com,907470344,2025-07-17T14:30,6
R000095,C005,Maria Nunez,maria.nunez4@mail.com,919945005,2025-07-17T20:00,3
R000614,C041,Ana Diaz,ana.diaz40@mail.com,936173582,2025-07-18T13:30,5
R000052,C003,Carla Quispe,carla.quispe2@mail.com,904143988,2025-07-18T19:30,2
R000515,C036,Patricia Lopez,patricia.lopez35@mail.com,959826143,2025-07-19T14:15,6
R000575,C040,Ximena Huaman,ximena.huaman39@mail.com,972633353,2025-07-19T20:00,2
R000516,C036,Patricia Lopez,patricia.lopez35@mail.com,959826143,2025-07-19T22:00,6
R000730,C049,Bruno Diaz,bruno.diaz48@mail.com,910449573,2025-07-20T13:30,5
R000326,C023,Pamela Mendoza,pamela.mendoza22@mail.com,908038445,2025-07-21T19:45,6
R000096,C005,Maria Nunez,maria.nunez4@mail.com,919945005,2025-07-21T22:15,6
R000270,C018,Camila Garcia,camila.garcia17@mail.com,982777828,2025-07-22T21:30,5
R000097,C005,Maria Nunez,maria.nunez4@mail.com,919945005,2025-07-23T20:15,6
R000576,C040,Ximena Huaman,ximena.huaman39@mail.com,972633353,2025-07-24T14:15,3
R000517,C036,Patricia Lopez,patricia.lopez35@mail.com,959826143,2025-07-24T20:15,3
R000108,C006,Jorge Benavides,jorge.benavides5@mail.com,907470344,2025-07-24T21:45,5
R000072,C004,Diego Lopez,diego.lopez3@mail.com,982445525,2025-07-26T14:15,5
R000109,C006,Jorge Benavides,jorge.benavides5@mail.com,907470344,2025-07-28T22:00,2
R000073,C004,Diego Lopez,diego.lopez3@mail.com,982445525,2025-07-29T14:45,2
R000448,C032,Sergio Huaman,sergio.huaman31@mail.com,982437483,2025-07-29T22:00,2
R000577,C040,Ximena Huaman,ximena.huaman39@mail.com,972633353,2025-07-30T13:30,2
R000053,C003,Carla Quispe,carla.quispe2@mail.com,904143988,2025-07-30T14:15,2
R000074,C004,Diego Lopez,diego.lopez3@mail.com,982445525,2025-07-30T14:15,2
R000731,C049,Bruno Diaz,bruno.diaz48@mail.com,910449573,2025-07-30T19:15,4
R000286,C019,Hugo Quispe,hugo.quispe18@mail.com,987704420,2025-07-30T20:00,3
R000075,C004,Diego Lopez,diego.lopez3@mail.com,982445525,2025-07-30T21:15,5
R000076,C004,Diego Lopez,diego.lopez3@mail.com,982445525,2025-07-31T22:00,2
R000110,C006,Jorge Benavides,jorge.benavides5@mail.com,907470344,2025-08-01T20:15,6
R000615,C041,Ana Diaz,ana.diaz40@mail.com,936173582,2025-08-01T20:15,4
R000578,C040,Ximena Huaman,ximena.huaman39@mail.com,972633353,2025-08-02T21:30,2
R000415,C029,Nora Nunez,nora.nunez28@mail.com,968928229,2025-08-03T13:30,6
R000271,C018,Camila Garcia,camila.garcia17@mail.com,982777828,2025-08-03T14:45,6
R000077,C004,Diego Lopez,diego.lopez3@mail.com,982445525,2025-08-03T20:00,2
R000013,C002,Luis Garcia,luis.garcia1@mail.com,963183385,2025-08-03T21:00,3
R000152,C011,Raul Quispe,raul.quispe10@mail.com,918338492,2025-08-03T21:30,6
R000416,C029,Nora Nunez,nora.nunez28@mail.com,968928229,2025-08-04T13:45,4
R000579,C040,Ximena Huaman,ximena.huaman39@mail.com,972633353,2025-08-06T19:45,4
R000111,C006,Jorge Benavides,jorge.benavides5@mail.com,907470344,2025-08-07T21:00,3
R000014,C002,Luis Garcia,luis.garcia1@mail.com,963183385,2025-08-07T21:45,2
R000078,C004,Diego Lopez,diego.lopez3@mail.com,982445525,2025-08-08T21:45,2
R000449,C032,Sergio Huaman,sergio.huaman31@mail.com,982437483,2025-08-09T21:00,2
R000232,C017,Mario Diaz,mario.diaz16@mail.com,991818039,2025-08-11T13:00,3
R000015,C002,Luis Garcia,luis.garcia1@mail.com,963183385,2025-08-11T14:15,4
R000424,C030,Felipe Benavides,felipe.benavides29@mail.com,985746193,2025-08-12T14:30,5
R000450,C032,Sergio Huaman,sergio.huaman31@mail.com,982437483,2025-08-12T19:30,3
R000098,C005,Maria Nunez,maria.nunez4@mail.com,919945005,2025-08-13T13:30,2
R000616,C041,Ana Diaz,ana.diaz40@mail.com,936173582,2025-08-13T14:15,3
R000302,C020,Ivan Lopez,ivan.lopez19@mail.com,975530418,2025-08-14T19:00,4
R000099,C005,Maria Nunez,maria.nunez4@mail.com,919945005,2025-08-14T22:30,3
R000303,C020,Ivan Lopez,ivan.lopez19@mail.com,975530418,2025-08-15T14:00,4
R000451,C032,Sergio Huaman,sergio.huaman31@mail.com,982437483,2025-08-15T14:15,5
R000732,C049,Bruno Diaz,bruno.diaz48@mail.com,910449573,2025-08-15T14:45,2
R000233,C017,Mario Diaz,mario.diaz16@mail.com,991818039,2025-08-17T20:00,2
R000476,C033,Marta Diaz,marta.diaz32@mail.com,950157161,2025-08-17T22:00,2
R000287,C019,Hugo Quispe,hugo.quispe18@mail.com,987704420,2025-08-18T20:00,5
R000493,C034,Fabian Garcia,fabian.garcia33@mail.com,986321414,2025-08-18T20:00,3
R000477,C033,Marta Diaz,marta.diaz32@mail.com,950157161,2025-08-19T22:00,2
R000100,C005,Maria Nunez,maria.nunez4@mail.com,919945005,2025-08-19T22:15,2
R000478,C033,Marta Diaz,marta.diaz32@mail.com,950157161,2025-08-20T20:45,4
R000372,C026,Pablo Garcia,pablo.garcia25@mail.com,983747143,2025-08-20T20:45,6
R000373,C026,Pablo Garcia,pablo.garcia25@mail.com,983747143,2025-08-21T20:30,5
R000168,C014,Andres Benavides,andres.benavides13@mail.com,953590998,2025-08-22T14:45,3
R000425,C030,Felipe Benavides,felipe.benavides29@mail.com,985746193,2025-08-22T21:45,2
R000374,C026,Pablo Garcia,pablo.garcia25@mail.com,983747143,2025-08-23T13:45,5
R000426,C030,Felipe Benavides,felipe.benavides29@mail.com,985746193,2025-08-23T14:00,2
R000580,C040,Ximena Huaman,ximena.huaman39@mail.com,972633353,2025-08-23T14:30,2
R000054,C003,Carla Quispe,carla.quispe2@mail.com,904143988,2025-08-23T19:00,2
R000079,C004,Diego Lopez,diego.lopez3@mail.com,982445525,2025-08-23T19:45,4
R000288,C019,Hugo Quispe,hugo.quispe18@mail.com,987704420,2025-08-24T21:45,6
R000055,C003,Carla Quispe,carla.quispe2@mail.com,904143988,2025-08-25T12:15,2
R000056,C003,Carla Quispe,carla.quispe2@mail.com,904143988,2025-08-25T21:15,6
R000693,C046,Jorge Benavides,jorge.benavides45@mail.com,924201470,2025-08-25T22:00,3
R000197,C016,Rosa Huaman,rosa.huaman15@mail.com,955234657,2025-08-26T13:00,3
R000057,C003,Carla Quispe,carla.quispe2@mail.com,904143988,2025-08-26T21:00,2
R000058,C003,Carla Quispe,carla.quispe2@mail.com,904143988,2025-08-27T19:15,2
R000694,C046,Jorge Benavides,jorge.benavides45@mail.com,924201470,2025-08-27T20:15,6
R000617,C041,Ana Diaz,ana.diaz40@mail.com,936173582,2025-08-27T20:15,6
R000618,C041,Ana Diaz,ana.diaz40@mail.com,936173582,2025-08-27T20:30,5
R000452,C032,Sergio Huaman,sergio.huaman31@mail.com,982437483,2025-08-27T21:00,2
R000417,C029,Nora Nunez,nora.nunez28@mail.com,968928229,2025-08-28T19:00,6
R000375,C026,Pablo Garcia,pablo.garcia25@mail.com,983747143,2025-08-28T19:15,2
R000453,C032,Sergio Huaman,sergio.huaman31@mail.com,982437483,2025-08-28T20:00,2
R000272,C018,Camila Garcia,camila.garcia17@mail.com,982777828,2025-08-29T14:00,2
R000581,C040,Ximena Huaman,ximena.huaman39@mail.com,972633353,2025-08-29T19:45,5
R000658,C044,Diego Lopez,diego.lopez43@mail.com,932707167,2025-08-29T20:45,5
R000695,C046,Jorge Benavides,jorge.benavides45@mail.com,924201470,2025-08-29T21:15,5
R000169,C014,Andres Benavides,andres.benavides13@mail.com,953590998,2025-08-30T13:30,2
R000619,C041,Ana Diaz,ana.diaz40@mail.com,936173582,2025-08-30T22:45,6
R000059,C003,Carla Quispe,carla.quispe2@mail.com,904143988,2025-08-31T19:45,4
R000427,C030,Felipe Benavides,felipe.benavides29@mail.com,985746193,2025-08-31T21:00,2
R000667,C045,Maria Nunez,maria.nunez44@mail.com,912704723,2025-09-01T19:15,2
R000733,C049,Bruno Diaz,bruno.diaz48@mail.com,910449573,2025-09-01T19:45,3
R000080,C004,Diego Lopez,diego.lopez3@mail.com,982445525,2025-09-02T19:45,2
R000582,C040,Ximena Huaman,ximena.huaman39@mail.com,972633353,2025-09-02T20:15,5
R000289,C019,Hugo Quispe,hugo.quispe18@mail.com,987704420,2025-09-03T13:15,2
R000668,C045,Maria Nunez,maria.nunez44@mail.com,912704723,2025-09-03T19:00,6
R000583,C040,Ximena Huaman,ximena.huaman39@mail.com,972633353,2025-09-03T22:45,2
R000273,C018,Camila Garcia,camila.garcia17@mail.com,982777828,2025-09-04T12:15,2
R000518,C036,Patricia Lopez,patricia.lopez35@mail.com,959826143,2025-09-04T14:15,5
R000734,C049,Bruno Diaz,bruno.diaz48@mail.com,910449573,2025-09-05T14:00,5
R000620,C041,Ana Diaz,ana.diaz40@mail.com,936173582,2025-09-05T14:15,3
R000155,C013,Valeria Nunez,valeria.nunez12@mail.com,968717337,2025-09-07T20:15,2
R000454,C032,Sergio Huaman,sergio.huaman31@mail.com,982437483,2025-09-08T21:45,2
R000337,C024,Daniel Huaman,daniel.huaman23@mail.com,958966085,2025-09-09T22:00,6
R000455,C032,Sergio Huaman,sergio.huaman31@mail.com,982437483,2025-09-10T21:00,6
R000304,C020,Ivan Lopez,ivan.lopez19@mail.com,975530418,2025-09-11T19:15,6
R000621,C041,Ana Diaz,ana.diaz40@mail.com,936173582,2025-09-11T20:15,4
R000696,C046,Jorge Benavides,jorge.benavides45@mail.com,924201470,2025-09-11T20:45,5
R000234,C017,Mario Diaz,mario.diaz16@mail.com,991818039,2025-09-11T20:45,2
R000584,C040,Ximena Huaman,ximena.huaman39@mail.com,972633353,2025-09-11T22:45,2
R000016,C002,Luis Garcia,luis.garcia1@mail.com,963183385,2025-09-12T13:15,3
R000541,C038,Julieta Benavides,julieta.benavides37@mail.com,946350099,2025-09-12T19:15,3
R000198,C016,Rosa Huaman,rosa.huaman15@mail.com,955234657,2025-09-12T21:15,5
R000338,C024,Daniel Huaman,daniel.huaman23@mail.com,958966085,2025-09-16T14:15,5
R000339,C024,Daniel Huaman,daniel.huaman23@mail.com,958966085,2025-09-16T20:00,2
R000697,C046,Jorge Benavides,jorge.benavides45@mail.com,924201470,2025-09-19T20:45,2
R000199,C016,Rosa Huaman,rosa.huaman15@mail.com,955234657,2025-09-20T19:30,2
R000555,C039,Alonso Mendoza,alonso.mendoza38@mail.com,905766944,2025-09-21T14:00,3
R000340,C024,Daniel Huaman,daniel.huaman23@mail.com,958966085,2025-09-22T13:15,4
R000698,C046,Jorge Benavides,jorge.benavides45@mail.com,924201470,2025-09-22T21:15,2
R000341,C024,Daniel Huaman,daniel.huaman23@mail.com,958966085,2025-09-24T21:45,3
R000350,C025,Carolina Diaz,carolina.diaz24@mail.com,910455152,2025-09-26T19:00,2
R000235,C017,Mario Diaz,mario.diaz16@mail.com,991818039,2025-09-26T20:15,2
R000200,C016,Rosa Huaman,rosa.huaman15@mail.com,955234657,2025-09-27T14:00,6
R000376,C026,Pablo Garcia,pablo.garcia25@mail.com,983747143,2025-09-27T22:45,2
R000377,C026,Pablo Garcia,pablo.garcia25@mail.com,983747143,2025-09-28T13:30,6
R000556,C039,Alonso Mendoza,alonso.mendoza38@mail.com,905766944,2025-09-28T14:30,5
R000351,C025,Carolina Diaz,carolina.diaz24@mail.com,910455152,2025-09-28T19:00,3
R000639,C042,Luis Garcia,luis.garcia41@mail.com,997712366,2025-09-30T13:15,2
R000236,C017,Mario Diaz,mario.diaz16@mail.com,991818039,2025-09-30T20:00,5
R000156,C013,Valeria Nunez,valeria.nunez12@mail.com,968717337,2025-09-30T20:45,2
R000352,C025,Carolina Diaz,carolina.diaz24@mail.com,910455152,2025-10-02T22:30,4
R000353,C025,Carolina Diaz,carolina.diaz24@mail.com,910455152,2025-10-03T14:00,6
R000157,C013,Valeria Nunez,valeria.nunez12@mail.com,968717337,2025-10-03T19:15,6
R000519,C036,Patricia Lopez,patricia.lopez35@mail.com,959826143,2025-10-04T20:15,5
R000201,C016,Rosa Huaman,rosa.huaman15@mail.com,955234657,2025-10-04T21:00,2
R000585,C040,Ximena Huaman,ximena.huaman39@mail.com,972633353,2025-10-05T20:45,5
R000202,C016,Rosa Huaman,rosa.huaman15@mail.com,955234657,2025-10-05T21:30,5
R000237,C017,Mario Diaz,mario.diaz16@mail.com,991818039,2025-10-05T22:30,2
R000640,C042,Luis Garcia,luis.garcia41@mail.com,997712366,2025-10-06T13:15,4
R000494,C034,Fabian Garcia,fabian.garcia33@mail.com,986321414,2025-10-06T20:30,6
R000203,C016,Rosa Huaman,rosa.huaman15@mail.com,955234657,2025-10-06T21:45,6
R000418,C029,Nora Nunez,nora.nunez28@mail.com,968928229,2025-10-07T14:45,2
R000158,C013,Valeria Nunez,valeria.nunez12@mail.com,968717337,2025-10-07T20:15,2
R000204,C016,Rosa Huaman,rosa.huaman15@mail.com,955234657,2025-10-08T12:30,3
R000419,C029,Nora Nunez,nora.nunez28@mail.com,968928229,2025-10-08T13:15,6
R000205,C016,Rosa Huaman,rosa.huaman15@mail.com,955234657,2025-10-08T20:00,2
R000378,C026,Pablo Garcia,pablo.garcia25@mail.com,983747143,2025-10-08T20:30,2
R000060,C003,Carla Quispe,carla.quispe2@mail.com,904143988,2025-10-08T20:30,2
R000503,C035,Alvaro Quispe,alvaro.quispe34@mail.com,957522446,2025-10-08T22:00,2
R000342,C024,Daniel Huaman,daniel.huaman23@mail.com,958966085,2025-10-08T22:15,3
R000159,C013,Valeria Nunez,valeria.nunez12@mail.com,968717337,2025-10-09T13:15,3
R000379,C026,Pablo Garcia,pablo.garcia25@mail.com,983747143,2025-10-09T19:45,4
R000206,C016,Rosa Huaman,rosa.huaman15@mail.com,955234657,2025-10-10T19:30,6
R000702,C047,Sofia Mendoza,sofia.mendoza46@mail.com,914948468,2025-10-10T21:45,4
R000101,C005,Maria Nunez,maria.nunez4@mail.com,919945005,2025-10-11T22:30,2
R000274,C018,Camila Garcia,camila.garcia17@mail.com,982777828,2025-10-12T21:15,3
R000520,C036,Patricia Lopez,patricia.lopez35@mail.com,959826143,2025-10-12T21:30,3
R000207,C016,Rosa Huaman,rosa.huaman15@mail.com,955234657,2025-10-12T21:45,6
R000208,C016,Rosa Huaman,rosa.huaman15@mail.com,955234657,2025-10-13T14:15,3
R000669,C045,Maria Nunez,maria.nunez44@mail.com,912704723,2025-10-13T20:15,2
R000209,C016,Rosa Huaman,rosa.huaman15@mail.com,955234657,2025-10-13T20:30,2
R000670,C045,Maria Nunez,maria.nunez44@mail.com,912704723,2025-10-13T21:15,2
R000210,C016,Rosa Huaman,rosa.huaman15@mail.com,955234657,2025-10-14T19:45,5
R000017,C002,Luis Garcia,luis.garcia1@mail.com,963183385,2025-10-14T20:00,6
R000170,C014,Andres Benavides,andres.benavides13@mail.com,953590998,2025-10-14T21:15,3
R000586,C040,Ximena Huaman,ximena.huaman39@mail.com,972633353,2025-10-14T22:15,5
R000343,C024,Daniel Huaman,daniel.huaman23@mail.com,958966085,2025-10-15T13:45,2
R000587,C040,Ximena Huaman,ximena.huaman39@mail.com,972633353,2025-10-15T20:45,6
R000171,C015,Renata Mendoza,renata.mendoza14@mail.com,960592839,2025-10-15T21:15,2
R000420,C029,Nora Nunez,nora.nunez28@mail.com,968928229,2025-10-15T22:00,2
R000394,C028,German Lopez,german.lopez27@mail.com,989241678,2025-10-16T13:00,2
R000671,C045,Maria Nunez,maria.nunez44@mail.com,912704723,2025-10-16T14:30,6
R000238,C017,Mario Diaz,mario.diaz16@mail.com,991818039,2025-10-16T19:15,2
R000380,C026,Pablo Garcia,pablo.garcia25@mail.com,983747143,2025-10-16T19:45,5
R000239,C017,Mario Diaz,mario.diaz16@mail.com,991818039,2025-10-16T20:15,2
R000672,C045,Maria Nunez,maria.nunez44@mail.com,912704723,2025-10-16T21:15,2
R000521,C036,Patricia Lopez,patricia.lopez35@mail.com,959826143,2025-10-17T21:30,4
R000160,C013,Valeria Nunez,valeria.nunez12@mail.com,968717337,2025-10-17T22:00,5
R000641,C042,Luis Garcia,luis.garcia41@mail.com,997712366,2025-10-18T20:00,4
R000421,C029,Nora Nunez,nora.nunez28@mail.com,968928229,2025-10-18T22:15,2
R000127,C008,Pedro Huaman,pedro.huaman7@mail.com,979623421,2025-10-21T19:30,3
R000642,C042,Luis Garcia,luis.garcia41@mail.com,997712366,2025-10-21T21:45,3
R000128,C008,Pedro Huaman,pedro.huaman7@mail.com,979623421,2025-10-22T13:30,4
R000673,C045,Maria Nunez,maria.nunez44@mail.com,912704723,2025-10-22T19:15,4
R000674,C045,Maria Nunez,maria.nunez44@mail.com,912704723,2025-10-22T22:45,3
R000211,C016,Rosa Huaman,rosa.huaman15@mail.com,955234657,2025-10-23T14:15,3
R000172,C015,Renata Mendoza,renata.mendoza14@mail.com,960592839,2025-10-23T14:45,2
R000739,C050,Elena Garcia,elena.garcia49@mail.com,981055775,2025-10-24T13:00,5
R000018,C002,Luis Garcia,luis.garcia1@mail.com,963183385,2025-10-24T13:30,2
R000703,C047,Sofia Mendoza,sofia.mendoza46@mail.com,914948468,2025-10-25T14:15,3
R000740,C050,Elena Garcia,elena.garcia49@mail.com,981055775,2025-10-25T14:30,2
R000704,C047,Sofia Mendoza,sofia.mendoza46@mail.com,914948468,2025-10-25T22:45,4
R000705,C047,Sofia Mendoza,sofia.mendoza46@mail.com,914948468,2025-10-26T14:00,3
R000129,C008,Pedro Huaman,pedro.huaman7@mail.com,979623421,2025-10-26T19:45,2
R000706,C047,Sofia Mendoza,sofia.mendoza46@mail.com,914948468,2025-10-26T21:15,2
R000643,C042,Luis Garcia,luis.garcia41@mail.com,997712366,2025-10-27T19:15,5
R000707,C047,Sofia Mendoza,sofia.mendoza46@mail.com,914948468,2025-10-27T19:30,2
R000212,C016,Rosa Huaman,rosa.huaman15@mail.com,955234657,2025-10-28T14:00,4
R000019,C002,Luis Garcia,luis.garcia1@mail.com,963183385,2025-10-28T22:15,5
R000240,C017,Mario Diaz,mario.diaz16@mail.com,991818039,2025-10-29T19:15,3
R000020,C002,Luis Garcia,luis.garcia1@mail.com,963183385,2025-10-29T19:45,5
R000644,C042,Luis Garcia,luis.garcia41@mail.com,997712366,2025-10-30T19:00,4
R000708,C047,Sofia Mendoza,sofia.mendoza46@mail.com,914948468,2025-10-30T20:30,2
R000456,C032,Sergio Huaman,sergio.huaman31@mail.com,982437483,2025-10-30T21:30,3
R000645,C042,Luis Garcia,luis.garcia41@mail.com,997712366,2025-10-31T14:00,6
R000395,C028,German Lopez,german.lopez27@mail.com,989241678,2025-10-31T19:15,4
R000139,C009,Bruno Diaz,bruno.diaz8@mail.com,930845502,2025-10-31T22:15,5
R000290,C019,Hugo Quispe,hugo.quispe18@mail.com,987704420,2025-10-31T22:30,2
R000457,C032,Sergio Huaman,sergio.huaman31@mail.com,982437483,2025-11-01T14:30,2
R000422,C029,Nora Nunez,nora.nunez28@mail.com,968928229,2025-11-01T20:30,6
R000458,C032,Sergio Huaman,sergio.huaman31@mail.com,982437483,2025-11-01T22:30,5
R000675,C045,Maria Nunez,maria.nunez44@mail.com,912704723,2025-11-02T21:00,5
R000459,C032,Sergio Huaman,sergio.huaman31@mail.com,982437483,2025-11-03T13:30,3
R000460,C032,Sergio Huaman,sergio.huaman31@mail.com,982437483,2025-11-03T22:00,3
R000709,C047,Sofia Mendoza,sofia.mendoza46@mail.com,914948468,2025-11-03T22:15,6
R000241,C017,Mario Diaz,mario.diaz16@mail.com,991818039,2025-11-04T14:45,4
R000710,C047,Sofia Mendoza,sofia.mendoza46@mail.com,914948468,2025-11-04T19:15,5
R000461,C032,Sergio Huaman,sergio.huaman31@mail.com,982437483,2025-11-04T22:45,2
R000495,C034,Fabian Garcia,fabian.garcia33@mail.com,986321414,2025-11-05T20:00,2
R000462,C032,Sergio Huaman,sergio.huaman31@mail.com,982437483,2025-11-06T14:15,6
R000646,C042,Luis Garcia,luis.garcia41@mail.com,997712366,2025-11-07T19:15,2
R000647,C042,Luis Garcia,luis.garcia41@mail.com,997712366,2025-11-07T21:00,2
R000557,C039,Alonso Mendoza,alonso.mendoza38@mail.com,905766944,2025-11-07T22:00,2
R000305,C020,Ivan Lopez,ivan.lopez19@mail.com,975530418,2025-11-08T13:30,3
R000161,C013,Valeria Nunez,valeria.nunez12@mail.com,968717337,2025-11-08T20:00,6
R000275,C018,Camila Garcia,camila.garcia17@mail.com,982777828,2025-11-09T20:00,5
R000504,C035,Alvaro Quispe,alvaro.quispe34@mail.com,957522446,2025-11-10T13:00,4
R000317,C021,Teresa Nunez,teresa.nunez20@mail.com,900174931,2025-11-10T19:45,2
R000242,C017,Mario Diaz,mario.diaz16@mail.com,991818039,2025-11-11T13:15,6
R000306,C020,Ivan Lopez,ivan.lopez19@mail.com,975530418,2025-11-12T13:00,6
R000307,C020,Ivan Lopez,ivan.lopez19@mail.com,975530418,2025-11-12T19:15,2
R000558,C039,Alonso Mendoza,alonso.mendoza38@mail.com,905766944,2025-11-13T14:45,2
R000061,C003,Carla Quispe,carla.quispe2@mail.com,904143988,2025-11-13T20:45,3
R000505,C035,Alvaro Quispe,alvaro.quispe34@mail.com,957522446,2025-11-13T21:45,2
R000243,C017,Mario Diaz,mario.diaz16@mail.com,991818039,2025-11-14T21:15,4
R000308,C020,Ivan Lopez,ivan.lopez19@mail.com,975530418,2025-11-14T21:45,2
R000648,C042,Luis Garcia,luis.garcia41@mail.com,997712366,2025-11-14T22:15,2
R000396,C028,German Lopez,german.lopez27@mail.com,989241678,2025-11-16T22:15,6
R000622,C041,Ana Diaz,ana.diaz40@mail.com,936173582,2025-11-18T13:30,6
R000021,C002,Luis Garcia,luis.garcia1@mail.com,963183385,2025-11-18T19:45,5
R000428,C031,Isabel Mendoza,isabel.mendoza30@mail.com,922368587,2025-11-18T21:30,5
R000506,C035,Alvaro Quispe,alvaro.quispe34@mail.com,957522446,2025-11-19T20:00,3
R000507,C035,Alvaro Quispe,alvaro.quispe34@mail.com,957522446,2025-11-19T20:45,6
R000463,C032,Sergio Huaman,sergio.huaman31@mail.com,982437483,2025-11-19T22:00,2
R000244,C017,Mario Diaz,mario.diaz16@mail.com,991818039,2025-11-20T22:30,2
R000508,C035,Alvaro Quispe,alvaro.quispe34@mail.com,957522446,2025-11-21T21:15,6
R000309,C020,Ivan Lopez,ivan.lopez19@mail.com,975530418,2025-11-22T19:45,2
R000022,C002,Luis Garcia,luis.garcia1@mail.com,963183385,2025-11-24T21:45,5
R000496,C034,Fabian Garcia,fabian.garcia33@mail.com,986321414,2025-11-27T21:30,5
R000497,C034,Fabian Garcia,fabian.garcia33@mail.com,986321414,2025-11-28T13:15,2
R000023,C002,Luis Garcia,luis.garcia1@mail.com,963183385,2025-11-28T14:15,3
R000588,C040,Ximena Huaman,ximena.huaman39@mail.com,972633353,2025-11-28T14:30,2
R000429,C031,Isabel Mendoza,isabel.mendoza30@mail.com,922368587,2025-11-28T22:45,3
R000397,C028,German Lopez,german.lopez27@mail.com,989241678,2025-11-29T12:15,5
R000479,C033,Marta Diaz,marta.diaz32@mail.com,950157161,2025-11-29T12:45,5
R000381,C026,Pablo Garcia,pablo.garcia25@mail.com,983747143,2025-11-29T19:00,2
R000464,C032,Sergio Huaman,sergio.huaman31@mail.com,982437483,2025-11-29T22:30,5
R000465,C032,Sergio Huaman,sergio.huaman31@mail.com,982437483,2025-12-02T14:15,2
R000699,C046,Jorge Benavides,jorge.benavides45@mail.com,924201470,2025-12-02T20:15,4
R000140,C009,Bruno Diaz,bruno.diaz8@mail.com,930845502,2025-12-03T20:15,2
R000623,C041,Ana Diaz,ana.diaz40@mail.com,936173582,2025-12-03T22:15,3
R000382,C026,Pablo Garcia,pablo.garcia25@mail.com,983747143,2025-12-04T19:30,6
R000024,C002,Luis Garcia,luis.garcia1@mail.com,963183385,2025-12-04T20:00,2
R000398,C028,German Lopez,german.lopez27@mail.com,989241678,2025-12-06T13:30,4
R000291,C019,Hugo Quispe,hugo.quispe18@mail.com,987704420,2025-12-06T14:30,3
R000310,C020,Ivan Lopez,ivan.lopez19@mail.com,975530418,2025-12-07T13:30,2
R000145,C010,Elena Garcia,elena.garcia9@mail.com,961446718,2025-12-07T14:45,6
R000025,C002,Luis Garcia,luis.garcia1@mail.com,963183385,2025-12-08T21:45,2
R000676,C045,Maria Nunez,maria.nunez44@mail.com,912704723,2025-12-09T13:30,5
R000354,C025,Carolina Diaz,carolina.diaz24@mail.com,910455152,2025-12-09T14:00,2
R000026,C002,Luis Garcia,luis.garcia1@mail.com,963183385,2025-12-09T20:45,4
R000383,C026,Pablo Garcia,pablo.garcia25@mail.com,983747143,2025-12-09T21:30,2
R000027,C002,Luis Garcia,luis.garcia1@mail.com,963183385,2025-12-09T21:45,4
R000146,C010,Elena Garcia,elena.garcia9@mail.com,961446718,2025-12-10T13:00,2
R000542,C038,Julieta Benavides,julieta.benavides37@mail.com,946350099,2025-12-10T13:15,2
R000147,C010,Elena Garcia,elena.garcia9@mail.com,961446718,2025-12-10T20:45,2
R000677,C045,Maria Nunez,maria.nunez44@mail.com,912704723,2025-12-10T21:45,2
R000711,C047,Sofia Mendoza,sofia.mendoza46@mail.com,914948468,2025-12-11T19:00,3
R000466,C032,Sergio Huaman,sergio.huaman31@mail.com,982437483,2025-12-12T13:00,2
R000678,C045,Maria Nunez,maria.nunez44@mail.com,912704723,2025-12-12T14:15,2
R000712,C047,Sofia Mendoza,sofia.mendoza46@mail.com,914948468,2025-12-12T14:15,2
R000384,C026,Pablo Garcia,pablo.garcia25@mail.com,983747143,2025-12-12T14:30,4
R000292,C019,Hugo Quispe,hugo.quispe18@mail.com,987704420,2025-12-12T19:15,3
R000148,C010,Elena Garcia,elena.garcia9@mail.com,961446718,2025-12-12T19:45,6
R000679,C045,Maria Nunez,maria.nunez44@mail.com,912704723,2025-12-12T21:45,3
R000498,C034,Fabian Garcia,fabian.garcia33@mail.com,986321414,2025-12-12T22:45,2
R000624,C041,Ana Diaz,ana.diaz40@mail.com,936173582,2025-12-13T13:45,4
R000713,C047,Sofia Mendoza,sofia.mendoza46@mail.com,914948468,2025-12-14T13:15,3
R000141,C009,Bruno Diaz,bruno.diaz8@mail.com,930845502,2025-12-14T19:00,3
R000680,C045,Maria Nunez,maria.nunez44@mail.com,912704723,2025-12-14T21:00,3
R000130,C008,Pedro Huaman,pedro.huaman7@mail.com,979623421,2025-12-14T21:15,3
R000344,C024,Daniel Huaman,daniel.huaman23@mail.com,958966085,2025-12-16T12:15,3
R000467,C032,Sergio Huaman,sergio.huaman31@mail.com,982437483,2025-12-16T14:15,6
R000468,C032,Sergio Huaman,sergio.huaman31@mail.com,982437483,2025-12-16T14:45,5
R000028,C002,Luis Garcia,luis.garcia1@mail.com,963183385,2025-12-16T19:00,3
R000029,C002,Luis Garcia,luis.garcia1@mail.com,963183385,2025-12-17T22:30,2
R000649,C042,Luis Garcia,luis.garcia41@mail.com,997712366,2025-12-18T14:45,3
R000345,C024,Daniel Huaman,daniel.huaman23@mail.com,958966085,2025-12-18T21:45,2
R000030,C002,Luis Garcia,luis.garcia1@mail.com,963183385,2025-12-18T22:15,3
R000625,C041,Ana Diaz,ana.diaz40@mail.com,936173582,2025-12-18T22:15,2
R000714,C047,Sofia Mendoza,sofia.mendoza46@mail.com,914948468,2025-12-19T12:00,2
R000626,C041,Ana Diaz,ana.diaz40@mail.com,936173582,2025-12-19T14:30,5
R000385,C026,Pablo Garcia,pablo.garcia25@mail.com,983747143,2025-12-19T14:45,3
R000245,C017,Mario Diaz,mario.diaz16@mail.com,991818039,2025-12-19T14:45,3
R000031,C002,Luis Garcia,luis.garcia1@mail.com,963183385,2025-12-19T19:30,4
R000032,C002,Luis Garcia,luis.garcia1@mail.com,963183385,2025-12-19T20:00,2
R000033,C002,Luis Garcia,luis.garcia1@mail.com,963183385,2025-12-19T20:00,5
R000112,C007,Sofia Mendoza,sofia.mendoza6@mail.com,917099826,2025-12-19T20:45,6
R000681,C045,Maria Nunez,maria.nunez44@mail.com,912704723,2025-12-20T14:15,2
R000469,C032,Sergio Huaman,sergio.huaman31@mail.com,982437483,2025-12-20T21:30,2
R000149,C010,Elena Garcia,elena.garcia9@mail.com,961446718,2025-12-20T22:45,2
R000627,C041,Ana Diaz,ana.diaz40@mail.com,936173582,2025-12-21T13:30,4
R000386,C026,Pablo Garcia,pablo.garcia25@mail.com,983747143,2025-12-21T20:45,4
R000715,C047,Sofia Mendoza,sofia.mendoza46@mail.com,914948468,2025-12-22T13:15,5
R000102,C005,Maria Nunez,maria.nunez4@mail.com,919945005,2025-12-22T19:00,2
R000081,C004,Diego Lopez,diego.lopez3@mail.com,982445525,2025-12-23T14:15,2
R000103,C005,Maria Nunez,maria.nunez4@mail.com,919945005,2025-12-23T21:00,2
R000034,C002,Luis Garcia,luis.garcia1@mail.com,963183385,2025-12-23T21:00,2
R000035,C002,Luis Garcia,luis.garcia1@mail.com,963183385,2025-12-24T14:45,5
R000131,C008,Pedro Huaman,pedro.huaman7@mail.com,979623421,2025-12-24T20:15,3
R000082,C004,Diego Lopez,diego.lopez3@mail.com,982445525,2025-12-24T21:30,5
R000132,C008,Pedro Huaman,pedro.huaman7@mail.com,979623421,2025-12-25T19:45,2
R000083,C004,Diego Lopez,diego.lopez3@mail.com,982445525,2025-12-25T20:00,4
R000150,C010,Elena Garcia,elena.garcia9@mail.com,961446718,2025-12-25T22:00,3
R000682,C045,Maria Nunez,maria.nunez44@mail.com,912704723,2025-12-25T22:45,3
R000036,C002,Luis Garcia,luis.garcia1@mail.com,963183385,2025-12-26T13:45,6
R000346,C024,Daniel Huaman,daniel.huaman23@mail.com,958966085,2025-12-26T19:00,2
R000151,C010,Elena Garcia,elena.garcia9@mail.com,961446718,2025-12-26T19:30,4
R000037,C002,Luis Garcia,luis.garcia1@mail.com,963183385,2025-12-26T21:00,6
R000084,C004,Diego Lopez,diego.lopez3@mail.com,982445525,2025-12-30T20:30,6
R000735,C049,Bruno Diaz,bruno.diaz48@mail.com,910449573,2025-12-31T13:00,2
R000085,C004,Diego Lopez,diego.lopez3@mail.com,982445525,2025-12-31T19:15,2
R000038,C002,Luis Garcia,luis.garcia1@mail.com,963183385,2025-12-31T22:00,4
